ego_id;rs_pattern_10;rs_pattern_11;rs_pattern_12;rs_pattern_13;rs_pattern_14;rs_pattern_15;rs_pattern_16;rs_pattern_17;rs_pattern_18;rs_pattern_19;rs_pattern_20;rs_pattern_21;rs_pattern_22;rs_pattern_23;rs_pattern_24;rs_pattern_25;rs_pattern_26;rs_pattern_27;rs_pattern_28;rs_pattern_29;rs_pattern_30
5852c4ce83d5140a41ce61118b1306b0;69.0;772.0;847.0;497.0;168.0;1785.0;1.0;28.0;209.0;1033.0;271.0;12.0;0.0;526.0;274.0;237.0;13.0;39.0;388.0;176.0;53.0
3079b683f0144bb5276d7fe6ae63d889;26945.0;15636.0;49613.0;18457.0;31289.0;32316.0;1272.0;11701.0;15222.0;32126.0;4669.0;6136.0;587.0;9222.0;12609.0;4255.0;1853.0;1510.0;8494.0;2829.0;473.0
ec2754530dd27eba2e8446916395bc20;3093.0;1254.0;4751.0;2589.0;2416.0;2158.0;100.0;965.0;1697.0;2704.0;590.0;433.0;61.0;995.0;882.0;576.0;120.0;123.0;783.0;349.0;69.0
1d93d8a0c90869501cfcceb27ba97955;32997.0;3211.0;35545.0;26151.0;19877.0;11103.0;377.0;3766.0;12365.0;11613.0;2547.0;1828.0;85.0;10091.0;4501.0;981.0;659.0;867.0;5168.0;4132.0;2588.0
1850e799bfdba955369e6ef157b3c576;15463.0;97455.0;54514.0;18359.0;14477.0;82915.0;100.0;2160.0;7407.0;27710.0;7150.0;1162.0;60.0;13209.0;6743.0;2708.0;391.0;550.0;7365.0;3208.0;1258.0
a1490b4d6dbe945258532056fd100c18;50997.0;17851.0;77593.0;29835.0;23756.0;28123.0;374.0;4659.0;9671.0;12954.0;4275.0;1325.0;90.0;5991.0;3110.0;1031.0;338.0;321.0;2214.0;804.0;312.0
3f19ab94458e826abc69e8162d73d222;15401.0;6469.0;20126.0;24253.0;21052.0;26745.0;298.0;3986.0;18012.0;36030.0;10737.0;3769.0;221.0;27931.0;18067.0;7286.0;1984.0;2720.0;28008.0;14620.0;7221.0
09f699cf04b9d325acedaf3048376653;39340.0;214926.0;138151.0;30877.0;21879.0;116523.0;215.0;3734.0;7012.0;21314.0;5590.0;917.0;58.0;9077.0;2486.0;1060.0;258.0;366.0;2585.0;1556.0;612.0
aec77325d82ae3e7b51c442350c09d46;4218.0;10875.0;22142.0;6174.0;7152.0;15944.0;20.0;839.0;3841.0;5374.0;1819.0;302.0;34.0;4133.0;1470.0;461.0;212.0;371.0;1891.0;1168.0;370.0
db01f754db6b4ee39553ba290f0018bd;7620.0;1011.0;9076.0;8392.0;6622.0;4939.0;83.0;1190.0;4309.0;5077.0;2119.0;1027.0;74.0;3427.0;2732.0;540.0;399.0;313.0;2360.0;868.0;268.0
8ad93a4380cd99e9be6ddb178297049d;59.0;0.0;222.0;542.0;81.0;114.0;0.0;0.0;189.0;33.0;150.0;0.0;0.0;244.0;18.0;15.0;0.0;0.0;87.0;30.0;80.0
dd0a7db6b9032164924dc158698bdd76;16565.0;10743.0;35548.0;23592.0;47820.0;42487.0;1070.0;14668.0;46244.0;80972.0;9934.0;13018.0;1826.0;58017.0;53299.0;18293.0;9976.0;13624.0;79137.0;52426.0;22263.0
4b58ca5ddc85b4ded153b608861daade;142342.0;84107.0;298080.0;120781.0;180986.0;172267.0;3163.0;49477.0;94487.0;150803.0;27460.0;23848.0;2997.0;61056.0;56402.0;15854.0;10244.0;8171.0;42521.0;15918.0;3355.0
7a21ec542e7f8e8a4a81676e05209fef;29763.0;18223.0;52796.0;49885.0;45863.0;67204.0;446.0;4905.0;42128.0;62268.0;23291.0;3158.0;183.0;73090.0;26882.0;7544.0;1962.0;3803.0;42767.0;30153.0;20690.0
3c57c0d50e67bff909a726e66f798715;19418.0;14350.0;48037.0;14469.0;19330.0;16611.0;276.0;4478.0;7835.0;11472.0;2184.0;1502.0;191.0;2981.0;2923.0;1057.0;447.0;297.0;1719.0;443.0;62.0
5ba5a16a9d6f245070175d5fb7fcd04f;3826.0;876.0;8605.0;7383.0;4525.0;3594.0;47.0;717.0;4413.0;3868.0;1425.0;582.0;17.0;2932.0;2787.0;709.0;245.0;384.0;3292.0;1704.0;593.0
abc40a9ec0210af689591859ce2f1db2;91.0;2.0;78.0;127.0;58.0;25.0;0.0;9.0;34.0;32.0;12.0;10.0;0.0;24.0;5.0;0.0;1.0;1.0;11.0;2.0;1.0
0f4bf96549013c36d773824089f0b8ee;27.0;16.0;52.0;15.0;13.0;10.0;0.0;5.0;9.0;10.0;0.0;0.0;0.0;0.0;3.0;1.0;0.0;0.0;0.0;0.0;0.0
9c980aed9f4d2fc85c550ec598bd4eeb;20.0;2.0;12.0;25.0;5.0;8.0;0.0;0.0;7.0;12.0;6.0;0.0;0.0;4.0;2.0;1.0;0.0;2.0;2.0;5.0;0.0
750a1fbf243d452f8c6f6d0f1d109daa;7710.0;6924.0;24067.0;9631.0;7079.0;11520.0;107.0;1650.0;5818.0;10378.0;1750.0;737.0;89.0;5866.0;3321.0;2731.0;392.0;458.0;6200.0;2987.0;1382.0
76b10a5030ec483ba6cea4b87cd1b9c3;1207.0;445.0;2001.0;1701.0;1235.0;1355.0;9.0;76.0;763.0;616.0;454.0;96.0;1.0;543.0;397.0;59.0;46.0;71.0;361.0;219.0;59.0
a8b893628e456c8faf7ac195e0b9a107;4523.0;1956.0;10074.0;5223.0;3368.0;5039.0;8.0;275.0;1691.0;2879.0;1246.0;135.0;8.0;2144.0;502.0;283.0;58.0;42.0;776.0;367.0;184.0
c817fd969f77ebba97dc51fcb96c8e81;107.0;20.0;238.0;223.0;308.0;200.0;6.0;62.0;399.0;441.0;64.0;63.0;4.0;412.0;285.0;74.0;59.0;83.0;479.0;315.0;112.0
c0e7b413981c6deab9393af30506dabf;3.0;9.0;33.0;31.0;27.0;111.0;0.0;4.0;48.0;64.0;53.0;2.0;0.0;72.0;23.0;2.0;0.0;3.0;31.0;25.0;9.0
6a91022228cdd6d0212ffbb05675fd7c;1096.0;1550.0;2033.0;1838.0;2290.0;4255.0;59.0;437.0;1649.0;4322.0;1029.0;412.0;11.0;2718.0;1747.0;817.0;167.0;200.0;2468.0;987.0;397.0
81c5190f06fe0c8f784bb38afccb17d4;4.0;0.0;24.0;33.0;8.0;10.0;0.0;0.0;79.0;18.0;22.0;0.0;0.0;81.0;30.0;31.0;0.0;0.0;135.0;160.0;142.0
8c1e762beb846f979ae6fb60dc34cb27;7.0;3.0;16.0;13.0;3.0;13.0;0.0;0.0;4.0;7.0;0.0;0.0;0.0;10.0;1.0;1.0;0.0;0.0;3.0;0.0;1.0
26187b726e23447e740d75fc72212cbc;9870.0;269689.0;113118.0;12837.0;15854.0;112522.0;18.0;2149.0;8934.0;13628.0;4530.0;325.0;17.0;7401.0;1899.0;969.0;236.0;244.0;2554.0;1171.0;410.0
7115459888eb39fa079a24eeef6245bf;7665.0;8673.0;16793.0;5674.0;3986.0;11597.0;23.0;508.0;1497.0;4373.0;1449.0;93.0;4.0;2846.0;711.0;579.0;23.0;13.0;964.0;323.0;374.0
d0045f6cd228a0f9b540d719155599ec;918.0;1263.0;3122.0;1848.0;1709.0;3191.0;0.0;28.0;1160.0;1545.0;777.0;14.0;0.0;1104.0;414.0;391.0;12.0;14.0;789.0;176.0;85.0
2cf03a715387265cd38021d7805e6fdd;77844.0;29116.0;129874.0;67082.0;72437.0;69854.0;823.0;15806.0;42761.0;58438.0;13656.0;7369.0;893.0;27302.0;24126.0;8443.0;3422.0;3898.0;21464.0;9786.0;2355.0
8ddb6550e6bd6b17909d7181cb774fa5;7.0;0.0;6.0;5.0;3.0;4.0;0.0;2.0;3.0;0.0;1.0;1.0;0.0;0.0;0.0;0.0;0.0;0.0;0.0;0.0;0.0
62a3bffe01438072b2449dabcfc12e17;1908.0;4436.0;5596.0;1390.0;2007.0;5041.0;16.0;513.0;784.0;3120.0;407.0;144.0;92.0;592.0;678.0;608.0;95.0;78.0;494.0;129.0;18.0
05542509d50a2615de46a40670843078;21304.0;11471.0;34266.0;20940.0;16894.0;23667.0;256.0;3689.0;11292.0;23691.0;3326.0;2036.0;226.0;14604.0;6769.0;4175.0;916.0;1216.0;10423.0;6403.0;2447.0
6ff420fc4e7b377f83c082e5b7f62a7e;49.0;72.0;74.0;47.0;38.0;156.0;0.0;6.0;16.0;49.0;16.0;5.0;0.0;30.0;15.0;2.0;0.0;1.0;5.0;0.0;1.0
8bc9033dd2d78b222855e10cf18ee35a;3802.0;40670.0;29208.0;4514.0;4426.0;33779.0;37.0;164.0;1445.0;5669.0;2315.0;54.0;0.0;2024.0;665.0;250.0;3.0;10.0;320.0;120.0;40.0
4296a2f97007b0042b289bcbf8d19bd3;29771.0;134087.0;127925.0;39052.0;19287.0;103650.0;196.0;2481.0;12752.0;29792.0;7296.0;841.0;50.0;15797.0;5178.0;1741.0;279.0;305.0;6199.0;2599.0;1222.0
7f02a235494f3ab84acb4ff12b2e0e5a;29.0;2860.0;303.0;125.0;258.0;3749.0;2.0;24.0;118.0;1028.0;396.0;18.0;1.0;785.0;176.0;22.0;14.0;23.0;205.0;102.0;39.0
5db088056173c11dd3adefc5dd2eb73e;47.0;30.0;126.0;48.0;45.0;59.0;0.0;14.0;38.0;40.0;6.0;13.0;1.0;37.0;46.0;21.0;8.0;15.0;69.0;58.0;1303.0
83a65fd27a3f35acb19211b214f5cd01;12.0;117.0;85.0;20.0;6.0;89.0;0.0;0.0;0.0;0.0;3.0;0.0;0.0;7.0;0.0;0.0;0.0;0.0;0.0;0.0;0.0
097119b786b4dc3b26f89c044c4a10f8;182910.0;21524.0;206308.0;174001.0;123787.0;79637.0;2259.0;31325.0;90253.0;88616.0;25187.0;15958.0;1207.0;70563.0;39504.0;9770.0;6651.0;6195.0;41299.0;21948.0;8576.0
9b8cd010f78d80038c37832b0cde83eb;142196.0;49971.0;236186.0;147796.0;204731.0;163205.0;5583.0;55565.0;143421.0;213792.0;41669.0;39762.0;3463.0;112803.0;115442.0;30540.0;17591.0;17376.0;109165.0;48859.0;14196.0
fdd6a0557c4b7f2d6b2ce8d065139086;12036.0;11444.0;27027.0;9700.0;10569.0;18003.0;222.0;2194.0;4381.0;7294.0;2403.0;748.0;41.0;3017.0;1817.0;391.0;162.0;105.0;985.0;294.0;103.0
738fb6e8fbe371340da32e73a147607e;61.0;195.0;421.0;158.0;162.0;411.0;0.0;0.0;130.0;235.0;78.0;0.0;0.0;76.0;49.0;31.0;0.0;0.0;63.0;14.0;2.0
9f99c40a1a80f7ff00e8119b7afa3465;7877.0;53588.0;46060.0;8685.0;4012.0;26138.0;92.0;2338.0;2775.0;3826.0;1218.0;448.0;73.0;1984.0;582.0;314.0;185.0;100.0;790.0;351.0;160.0
20185a107fae624295c30108c9f119aa;84.0;112.0;407.0;246.0;190.0;519.0;0.0;0.0;234.0;267.0;113.0;0.0;0.0;356.0;120.0;47.0;0.0;0.0;149.0;71.0;53.0
2bc1eec4f5a583f16259afed36bd2eb9;2973.0;274.0;3713.0;4995.0;2374.0;1751.0;40.0;535.0;3301.0;2212.0;680.0;377.0;21.0;2315.0;1408.0;308.0;214.0;307.0;1701.0;1131.0;458.0
416461fdfb463bd5327d5541e9562c41;17139.0;126571.0;48566.0;15122.0;14393.0;103997.0;347.0;4085.0;5429.0;31103.0;7638.0;1623.0;367.0;11792.0;4276.0;1636.0;848.0;708.0;3882.0;1534.0;435.0
6abd48e692c02ecddab75924eb2485cb;22597.0;5546.0;32749.0;28741.0;24592.0;23706.0;456.0;5989.0;17620.0;27312.0;8475.0;4342.0;291.0;17320.0;14351.0;3578.0;1642.0;1697.0;13751.0;6075.0;2444.0
4c72dfdc3d1aa29d46fb1b8a06c376a1;542.0;106.0;706.0;338.0;392.0;290.0;4.0;90.0;239.0;216.0;42.0;37.0;3.0;86.0;74.0;8.0;14.0;11.0;43.0;27.0;6.0
32a63febacbd733b7cd687a971d633d4;6882.0;1189.0;9330.0;8361.0;5793.0;4404.0;181.0;2040.0;4972.0;5682.0;1249.0;1376.0;124.0;4616.0;3656.0;1052.0;587.0;692.0;3769.0;1858.0;874.0
1900c2b07c10338937a32a5fd76807a5;2449.0;1003.0;4700.0;3257.0;2695.0;3009.0;50.0;415.0;2608.0;2077.0;667.0;436.0;4.0;4161.0;1189.0;228.0;120.0;162.0;2386.0;1624.0;1517.0
9d707b16380f2e00ec57d5b65f00cfa0;77082.0;24590.0;106824.0;53395.0;47471.0;43980.0;1970.0;17766.0;29081.0;32996.0;7585.0;8158.0;945.0;15919.0;14221.0;2877.0;3655.0;2639.0;10621.0;4653.0;1049.0
f30eccd925b2494c45e2b7604b0a724a;25.0;10.0;58.0;46.0;91.0;61.0;1.0;27.0;81.0;99.0;10.0;26.0;1.0;88.0;64.0;11.0;20.0;14.0;88.0;41.0;14.0
118d095d0f54630f08fc33fe044e65cb;3016.0;7492.0;12020.0;3985.0;4805.0;10278.0;5.0;687.0;3437.0;6865.0;1180.0;192.0;15.0;2940.0;1659.0;1235.0;130.0;122.0;2066.0;723.0;238.0
fbd80d2a9155dd414a275ebb8d2c4565;6657.0;11157.0;15617.0;10908.0;12842.0;28678.0;157.0;1856.0;9349.0;24172.0;6203.0;1501.0;62.0;16307.0;9090.0;4750.0;518.0;764.0;13979.0;6032.0;2740.0
9e57fe96c4c7b254c22227c42c6389b2;34.0;0.0;14.0;60.0;38.0;5.0;3.0;1.0;62.0;21.0;8.0;4.0;0.0;30.0;57.0;1.0;0.0;2.0;47.0;34.0;14.0
2e6d2df7d043653365f3c9a1d650921d;958.0;168.0;852.0;598.0;319.0;206.0;40.0;64.0;177.0;166.0;35.0;27.0;2.0;48.0;51.0;15.0;5.0;4.0;22.0;6.0;1.0
86aae6617abf32d743660770dd8e309f;100.0;8.0;121.0;234.0;58.0;46.0;0.0;17.0;62.0;66.0;8.0;18.0;0.0;67.0;44.0;4.0;6.0;4.0;51.0;28.0;13.0
ae59ecda891475ea5511d8d75ae20ed9;212.0;16.0;149.0;318.0;100.0;119.0;0.0;36.0;197.0;210.0;3.0;15.0;3.0;388.0;99.0;35.0;28.0;50.0;290.0;499.0;533.0
e3a59adab99bfe22182d1a901cd7e5cc;63.0;53.0;175.0;81.0;92.0;166.0;8.0;49.0;98.0;126.0;12.0;26.0;2.0;110.0;31.0;5.0;9.0;10.0;40.0;39.0;8.0
5fa74b83d816f0ca710fd25c2c5d90f1;6084.0;57631.0;44684.0;9568.0;2705.0;41071.0;2.0;1149.0;1686.0;2063.0;2532.0;198.0;39.0;3412.0;195.0;88.0;67.0;29.0;283.0;240.0;131.0
d21ac668bd5fc0144f9b875e5199914e;11024.0;23251.0;32197.0;8296.0;8292.0;21595.0;73.0;1669.0;2936.0;7597.0;1827.0;416.0;24.0;1999.0;1148.0;719.0;104.0;81.0;833.0;178.0;37.0
3f44b3750523f01f2f40f9079298fbaf;2434.0;6939.0;8948.0;6611.0;6438.0;19326.0;94.0;1620.0;5150.0;14104.0;4096.0;1055.0;151.0;14033.0;4624.0;2614.0;679.0;1023.0;7656.0;4252.0;3018.0
7873472b0c9129cd68c40f51f0bdc69e;37591.0;345792.0;161024.0;54629.0;90047.0;385942.0;283.0;9916.0;39895.0;187844.0;36051.0;4057.0;419.0;73873.0;34494.0;29859.0;1726.0;2019.0;46781.0;13559.0;5019.0
e0aea1f3fc549ec971e995ecc71e740a;26017.0;42643.0;82641.0;23957.0;25554.0;48859.0;201.0;3922.0;10141.0;14215.0;5911.0;1298.0;132.0;7289.0;3401.0;653.0;668.0;565.0;2750.0;1135.0;267.0
cff00fbcdd2faf6dbdcb6506256f9fa8;64.0;139.0;404.0;257.0;462.0;582.0;0.0;62.0;343.0;656.0;84.0;58.0;5.0;849.0;276.0;118.0;37.0;42.0;593.0;326.0;251.0
05342499cefadcb61aaa554067a2dc4b;125807.0;62785.0;215776.0;117222.0;118253.0;142765.0;2613.0;31030.0;65724.0;109826.0;29400.0;15576.0;1340.0;45877.0;38346.0;12134.0;4719.0;3677.0;29310.0;9694.0;2496.0
4d402b17ce7d7dd0580d986f8ecc3052;3.0;0.0;2.0;17.0;1.0;1.0;0.0;3.0;20.0;7.0;2.0;3.0;0.0;5.0;23.0;3.0;0.0;4.0;12.0;10.0;0.0
23dfa91ba77c2d58765f3bdc5874aa84;0.0;0.0;20.0;58.0;12.0;5.0;0.0;0.0;6.0;14.0;15.0;0.0;0.0;26.0;0.0;0.0;0.0;0.0;6.0;8.0;7.0
4b4ea23b1abc15f06e1dab06ca4bc6c3;58.0;258.0;377.0;96.0;160.0;315.0;0.0;33.0;98.0;258.0;47.0;4.0;1.0;53.0;56.0;62.0;5.0;7.0;64.0;15.0;1.0
3598cbec6278681ec315fcd8e8c4edc9;164.0;457.0;664.0;175.0;141.0;421.0;0.0;0.0;99.0;171.0;15.0;0.0;0.0;48.0;46.0;95.0;0.0;0.0;41.0;5.0;1.0
77342a90c669d341ccc4ab76dde395a7;3425.0;6213.0;8543.0;5852.0;7588.0;13098.0;40.0;1161.0;5138.0;13111.0;1479.0;743.0;40.0;8735.0;3938.0;2166.0;341.0;539.0;6424.0;3173.0;1506.0
9f5ab53b0b2a04bd96831688be3a019b;27809.0;24236.0;60054.0;41415.0;36651.0;62091.0;385.0;8816.0;29373.0;61985.0;13494.0;5132.0;667.0;37116.0;24022.0;11875.0;2693.0;3843.0;33539.0;18568.0;7094.0
5a15e8b7824f85f13ff4a31ec458826e;0.0;60.0;62.0;33.0;4.0;179.0;0.0;0.0;25.0;34.0;28.0;0.0;0.0;20.0;8.0;1.0;0.0;0.0;3.0;2.0;0.0
46bb0b7ac5742805682bb4c30d015ef7;20.0;2.0;18.0;20.0;3.0;3.0;0.0;3.0;0.0;0.0;0.0;1.0;0.0;4.0;0.0;0.0;0.0;0.0;0.0;0.0;1.0
8bc3644539407dd9b565cff98ce51e38;760.0;521.0;1154.0;1315.0;630.0;1639.0;1.0;178.0;785.0;414.0;370.0;21.0;3.0;1390.0;259.0;95.0;39.0;70.0;653.0;855.0;777.0
7a4508ed7b92005bba796499f57c9ea5;1538.0;683.0;1872.0;1398.0;1225.0;2377.0;44.0;350.0;906.0;2890.0;580.0;191.0;29.0;2467.0;1199.0;662.0;130.0;315.0;2224.0;2192.0;1053.0
3d15fa4128fa9d5ae6a98e09d6c29409;2442.0;427.0;4215.0;3502.0;2381.0;1752.0;19.0;399.0;2275.0;1819.0;584.0;273.0;18.0;1244.0;1157.0;357.0;71.0;98.0;1007.0;421.0;116.0
a9cdd8bde971b1b5252d95ea22d6a93e;568.0;366.0;1316.0;709.0;610.0;859.0;2.0;101.0;590.0;583.0;161.0;34.0;1.0;301.0;236.0;107.0;14.0;19.0;279.0;81.0;23.0
ad37230d5d570aeebf48cbc88f7d0319;6.0;346.0;110.0;14.0;112.0;468.0;0.0;37.0;69.0;404.0;33.0;12.0;7.0;135.0;79.0;61.0;20.0;41.0;93.0;60.0;7.0
3a1b2ab95581dbd8c2488cf5772e9f91;0.0;2.0;8.0;6.0;20.0;7.0;0.0;0.0;8.0;12.0;6.0;0.0;0.0;15.0;0.0;2.0;0.0;0.0;7.0;2.0;1.0
99a5bee0522366d6bdfc3d6312a046d2;46366.0;8949.0;66348.0;43267.0;56143.0;34888.0;2049.0;22860.0;44199.0;54926.0;8420.0;15363.0;2161.0;31194.0;33484.0;8028.0;8712.0;7741.0;31619.0;16397.0;4289.0
ec704cd6919bb8fff1b2d0741c82cde0;1182.0;755.0;4028.0;2181.0;2077.0;2398.0;6.0;135.0;1251.0;1373.0;610.0;63.0;0.0;964.0;490.0;88.0;14.0;27.0;391.0;153.0;39.0
9f52b959513c8879df18bb8a8926f54f;69753.0;27005.0;126969.0;52626.0;45584.0;47978.0;749.0;12625.0;21754.0;28417.0;7300.0;4972.0;565.0;11325.0;8497.0;2359.0;1729.0;828.0;6019.0;1795.0;440.0
3e4aa35d303d0043fe63f064ba21f760;5456.0;9095.0;20544.0;6215.0;7217.0;10627.0;30.0;340.0;2824.0;6282.0;1071.0;129.0;0.0;1914.0;1182.0;941.0;10.0;15.0;1242.0;274.0;76.0
3537accf38496cf98eb0b2168f49bcee;1461943.0;385285.0;2269746.0;1808911.0;2311765.0;1660797.0;94354.0;873445.0;2112864.0;2786851.0;524790.0;754721.0;82189.0;1830799.0;1942955.0;478953.0;425102.0;428826.0;2082885.0;1178780.0;405242.0
4ffe3799167820b212f78372a7fb81d3;85856.0;27416.0;94633.0;68234.0;49740.0;63574.0;1213.0;12815.0;34311.0;66660.0;12433.0;6589.0;826.0;37116.0;25387.0;12999.0;2893.0;2824.0;34230.0;17449.0;7387.0
ac01c2d10bbe84dc7675d7ae80b2babc;42.0;18.0;128.0;114.0;161.0;142.0;0.0;18.0;138.0;231.0;62.0;14.0;0.0;155.0;132.0;29.0;9.0;9.0;189.0;64.0;27.0
a02dacbf4de37a52c27f4ceea545b3ec;4888.0;833.0;7171.0;5255.0;3289.0;2834.0;59.0;584.0;1898.0;2626.0;1015.0;303.0;13.0;3037.0;1041.0;144.0;69.0;129.0;1734.0;1425.0;2221.0
7296ee5b094f7cff5fe775735c10b78c;538.0;1194.0;1735.0;1357.0;1222.0;3950.0;13.0;82.0;579.0;1532.0;1175.0;98.0;0.0;3166.0;379.0;92.0;39.0;54.0;712.0;676.0;682.0
e8362474bc05700952b31fb78e9df94f;12264.0;3809.0;19826.0;11823.0;14852.0;11328.0;362.0;3796.0;11516.0;14874.0;2421.0;2283.0;229.0;8541.0;7830.0;2059.0;1175.0;1557.0;7252.0;4002.0;1041.0
8998763f3f8bd7bdaa9aa79705662aae;0.0;0.0;4.0;14.0;0.0;1.0;0.0;0.0;6.0;4.0;2.0;0.0;0.0;2.0;4.0;1.0;0.0;0.0;2.0;1.0;0.0
0de01aa397260bc4f54869c0bf1ff5c6;20.0;1.0;14.0;18.0;11.0;10.0;3.0;8.0;9.0;43.0;0.0;10.0;0.0;39.0;60.0;18.0;6.0;18.0;107.0;101.0;59.0
4eb63637dc55474f58c10a8eb64bdf29;724.0;1595.0;2030.0;1023.0;1333.0;2771.0;5.0;158.0;1037.0;2048.0;366.0;80.0;1.0;1031.0;719.0;367.0;25.0;62.0;801.0;385.0;141.0
4a7203ee9bb7e939b958f3d425f1b676;4985.0;3652.0;10807.0;8805.0;6139.0;9280.0;54.0;754.0;5229.0;7641.0;2773.0;351.0;23.0;4287.0;3307.0;1208.0;92.0;198.0;3275.0;1283.0;453.0
f46f33071a5e04d1051e2f6f44bf82f7;500.0;10250.0;8228.0;1439.0;598.0;8707.0;0.0;21.0;734.0;276.0;547.0;4.0;0.0;781.0;33.0;42.0;6.0;4.0;60.0;62.0;25.0
7da70c61b38a04edff7a1a7d311c7c74;19680.0;19166.0;56979.0;36402.0;25680.0;51351.0;114.0;4448.0;19360.0;30248.0;14821.0;1831.0;187.0;21860.0;9958.0;2701.0;1397.0;1943.0;12259.0;7554.0;3009.0
40981467d57b649fd3c6ecd303cf2acf;451529.0;402026.0;962796.0;777435.0;743177.0;1146496.0;9200.0;148836.0;591559.0;1120518.0;333410.0;100097.0;8587.0;702394.0;508642.0;188943.0;45977.0;54794.0;604219.0;278086.0;107101.0
10675eab975de8d340ace5006995d21b;446.0;389.0;1560.0;532.0;353.0;779.0;4.0;90.0;203.0;249.0;101.0;27.0;1.0;126.0;57.0;12.0;5.0;3.0;34.0;8.0;2.0
f579d0f4b5b80fe8d9b77a36f74427cf;5286.0;2350.0;8037.0;3893.0;3213.0;3198.0;55.0;444.0;1848.0;1515.0;564.0;325.0;11.0;1341.0;697.0;105.0;96.0;112.0;721.0;440.0;172.0
2432ab425dda723fa78b1b394fd11198;3089.0;832.0;4337.0;5955.0;7532.0;5935.0;285.0;2420.0;10335.0;14085.0;2850.0;3237.0;287.0;14950.0;13039.0;2931.0;2707.0;4036.0;21421.0;16288.0;7866.0
90b02972fce0ac16cfbae7153bfef170;305.0;138.0;788.0;194.0;371.0;268.0;4.0;87.0;187.0;227.0;34.0;42.0;2.0;63.0;74.0;10.0;20.0;14.0;38.0;12.0;0.0
867885966611c49e93534d95d7506bb0;5421.0;10707.0;13969.0;6297.0;4281.0;17429.0;19.0;409.0;1554.0;5310.0;2079.0;98.0;6.0;6243.0;972.0;212.0;17.0;32.0;1644.0;1179.0;994.0
002866268307e400b1cec381e0197a9c;14141.0;9695.0;24558.0;16584.0;16893.0;25695.0;446.0;3730.0;10051.0;22465.0;5754.0;2502.0;181.0;11413.0;9219.0;3243.0;827.0;928.0;9193.0;3703.0;1365.0
68104370b2f620c466ddd1fc31c9cf1a;2.0;2.0;8.0;10.0;8.0;9.0;0.0;0.0;4.0;16.0;0.0;0.0;0.0;16.0;4.0;1.0;0.0;0.0;8.0;4.0;2.0
04327c42227f363ef3976f5d3f7b5e44;49888.0;27249.0;111144.0;77853.0;39484.0;77612.0;392.0;8175.0;28174.0;52366.0;27313.0;3812.0;566.0;39488.0;15015.0;5161.0;2424.0;3511.0;20017.0;15212.0;7884.0
c0b7c8621b972eb422099b8f7271d759;8384.0;4198.0;15707.0;9923.0;12247.0;13175.0;231.0;2136.0;8913.0;12830.0;3326.0;1532.0;45.0;7326.0;6863.0;1500.0;448.0;685.0;6042.0;2544.0;690.0
c43bef111f7a278852b0d8abdbb9d7f0;407.0;384.0;2116.0;1323.0;549.0;1256.0;3.0;79.0;713.0;761.0;283.0;52.0;1.0;435.0;276.0;122.0;12.0;15.0;312.0;102.0;31.0
f491f50caf93b95537891939836045d5;14.0;58.0;80.0;50.0;70.0;216.0;0.0;14.0;26.0;143.0;49.0;9.0;0.0;122.0;45.0;56.0;1.0;3.0;121.0;18.0;22.0
04e06beda3e030a2ec27d20df3536137;1454.0;4562.0;4783.0;1944.0;2118.0;6131.0;15.0;200.0;857.0;2818.0;849.0;126.0;4.0;908.0;539.0;271.0;12.0;27.0;419.0;110.0;31.0
e1f61224cc5432fdf2d3295b42d4d318;203.0;61.0;283.0;164.0;219.0;257.0;2.0;8.0;184.0;296.0;56.0;6.0;0.0;206.0;98.0;58.0;1.0;9.0;197.0;81.0;37.0
9b215ee8f564046c664fbcee5014ec8a;3977.0;888.0;6333.0;3566.0;2723.0;2050.0;27.0;868.0;1529.0;1712.0;253.0;372.0;38.0;1091.0;575.0;94.0;194.0;142.0;526.0;286.0;85.0
9e8006bd441a5dfee004aebe373532fb;23.0;0.0;34.0;21.0;26.0;11.0;0.0;0.0;6.0;5.0;4.0;0.0;0.0;0.0;3.0;0.0;0.0;0.0;0.0;0.0;0.0
70490b40b5043f8e3df000f6d85bd0c5;192.0;8.0;186.0;278.0;118.0;63.0;0.0;16.0;60.0;61.0;13.0;15.0;0.0;82.0;24.0;12.0;2.0;2.0;37.0;14.0;8.0
3d2e4fe1a5d36e31eb952b770fed1840;4325.0;1582.0;7158.0;2129.0;2038.0;1742.0;82.0;659.0;944.0;1227.0;333.0;336.0;30.0;420.0;575.0;141.0;130.0;96.0;425.0;180.0;284.0
b7043d0b487761901392605b4e2fe11d;410.0;117.0;731.0;732.0;596.0;605.0;13.0;145.0;482.0;690.0;281.0;93.0;5.0;498.0;410.0;99.0;28.0;34.0;409.0;155.0;65.0
b8fcef6413774ec0d32057a31986f637;7869.0;55759.0;41408.0;18458.0;12582.0;69608.0;57.0;1766.0;7531.0;33235.0;6856.0;851.0;38.0;15874.0;8221.0;8544.0;401.0;672.0;12823.0;5314.0;2555.0
f7916d4b6fa499ed942cf784e9444ef5;110.0;6.0;155.0;252.0;27.0;50.0;0.0;3.0;32.0;22.0;11.0;3.0;0.0;78.0;12.0;0.0;2.0;5.0;14.0;9.0;22.0
be2eff5d821f0b20d9acd9e6e5eaffaa;40193.0;21000.0;65615.0;24163.0;21164.0;29839.0;528.0;5922.0;10480.0;15498.0;3804.0;2356.0;250.0;5364.0;5078.0;3380.0;794.0;715.0;4079.0;1464.0;368.0
43212e48ea4e976fe78ecd0a67510b03;3993.0;2118.0;7018.0;4599.0;4206.0;5951.0;39.0;662.0;2575.0;4906.0;1187.0;425.0;14.0;3797.0;1695.0;520.0;116.0;178.0;2090.0;998.0;481.0
346a6423ddc65ae4e597a40ab9eb5228;45.0;11.0;111.0;41.0;129.0;70.0;6.0;32.0;102.0;77.0;2.0;23.0;2.0;104.0;49.0;22.0;8.0;9.0;73.0;40.0;17.0
bfbfaa8e72e6e8e688a023a44a2801b2;1073.0;18722.0;9006.0;2078.0;1423.0;14445.0;4.0;133.0;554.0;5245.0;909.0;18.0;0.0;1321.0;428.0;2168.0;3.0;12.0;1281.0;249.0;51.0
4aa078be3b1583a08c4c9595d31c91a4;4818.0;813.0;5976.0;9037.0;6170.0;5873.0;49.0;1296.0;10636.0;11520.0;1915.0;1235.0;110.0;17887.0;9584.0;2497.0;1513.0;3988.0;22463.0;26681.0;18824.0
4b2f9238d9b5d478b3fe24a8afea6caf;33.0;6.0;100.0;54.0;18.0;25.0;0.0;0.0;10.0;20.0;4.0;0.0;0.0;15.0;6.0;2.0;0.0;0.0;10.0;2.0;1.0
94117b03e48c5043014b295c38bd18b5;7626.0;4544.0;22771.0;11850.0;8583.0;12673.0;10.0;1343.0;6506.0;8315.0;2921.0;468.0;64.0;5319.0;2880.0;1381.0;240.0;251.0;3607.0;1282.0;506.0
4d3deca44fa707d33cbca383e1201151;105.0;39.0;260.0;266.0;154.0;274.0;0.0;15.0;190.0;268.0;145.0;9.0;0.0;316.0;161.0;30.0;3.0;6.0;208.0;98.0;52.0
b8e3f5f7b9f8c8974ac39b2c16d59f9d;33.0;10.0;102.0;100.0;111.0;80.0;0.0;0.0;100.0;111.0;43.0;0.0;0.0;87.0;66.0;19.0;0.0;0.0;95.0;33.0;10.0
d3554e179de8396dc1ddd7545ed3afb0;308.0;46.0;407.0;207.0;197.0;192.0;0.0;33.0;85.0;94.0;33.0;23.0;3.0;85.0;31.0;9.0;7.0;0.0;29.0;5.0;6.0
32c87e680f1db7f80094e18e20ca57b2;97.0;44.0;168.0;98.0;86.0;94.0;2.0;22.0;32.0;100.0;30.0;12.0;0.0;16.0;31.0;12.0;1.0;2.0;10.0;1.0;0.0
a69e116794ad79700b55b21b5f2a3d7a;384.0;4300.0;2972.0;966.0;752.0;5500.0;1.0;57.0;242.0;1524.0;471.0;9.0;0.0;1439.0;149.0;118.0;0.0;6.0;412.0;197.0;168.0
cb57d7e24518274f863e0f3bec64ce99;93267.0;13472.0;114415.0;138195.0;108213.0;70099.0;6417.0;54780.0;122567.0;121820.0;32709.0;53898.0;5984.0;77098.0;104844.0;21063.0;28916.0;22520.0;93263.0;45457.0;12661.0
bde26394f5c678aa917d6047e109331f;359.0;441.0;1582.0;1579.0;640.0;1252.0;3.0;99.0;573.0;966.0;447.0;56.0;2.0;1297.0;290.0;136.0;30.0;43.0;629.0;560.0;544.0
a2e12418dfd2f264d4f0446b92e4e7a6;8959.0;27964.0;35810.0;11712.0;12605.0;30406.0;39.0;1673.0;5192.0;10296.0;3040.0;571.0;24.0;5407.0;2238.0;557.0;166.0;141.0;1828.0;609.0;250.0
fe6b908998c97e412992682de561da26;15.0;38.0;19.0;32.0;13.0;142.0;0.0;5.0;19.0;143.0;30.0;3.0;0.0;81.0;58.0;24.0;1.0;4.0;77.0;33.0;12.0
f9c9f2b1fcf5db4d52b1052ba7784e3c;6823.0;2791.0;12752.0;7966.0;14699.0;11665.0;571.0;5505.0;12205.0;19738.0;3359.0;4737.0;672.0;10138.0;13761.0;3347.0;3183.0;3284.0;13300.0;6909.0;1666.0
85d2c68454f37fecd9694b0149bd8e60;250246.0;124831.0;467142.0;377402.0;584617.0;530152.0;21454.0;236435.0;647322.0;1052937.0;146869.0;229299.0;34027.0;783190.0;800093.0;252811.0;186583.0;248250.0;1173214.0;855460.0;354627.0
25635e42b36852b62a344859fb5687f6;3.0;0.0;2.0;2.0;3.0;4.0;0.0;0.0;0.0;0.0;1.0;0.0;0.0;0.0;0.0;0.0;0.0;0.0;0.0;0.0;0.0
a9f113f1fb69b17a41839b59e70e3fec;2.0;0.0;2.0;7.0;4.0;1.0;0.0;2.0;5.0;2.0;3.0;4.0;0.0;4.0;2.0;0.0;3.0;0.0;1.0;1.0;0.0
2ec956649d828efd2b32bb7394233fb7;18379.0;80843.0;89909.0;15761.0;30521.0;63846.0;205.0;6927.0;11696.0;32355.0;3797.0;1867.0;362.0;6444.0;6645.0;3653.0;627.0;568.0;3796.0;1043.0;125.0
06c757ef20fb2db5697e0c35ed2dde0b;10140.0;1282.0;11108.0;10854.0;10474.0;5520.0;329.0;2957.0;10071.0;9959.0;2014.0;2354.0;178.0;7003.0;7317.0;1696.0;1351.0;1471.0;7657.0;4147.0;1373.0
2836a9322a4e5b3c60efe2e24e699133;227039.0;45678.0;300919.0;151370.0;116976.0;91310.0;3370.0;30576.0;55940.0;56903.0;17123.0;12560.0;922.0;30419.0;19905.0;4031.0;3261.0;1781.0;14122.0;4839.0;1584.0
8637f072819f13ec44b65360f79ad641;38.0;53.0;100.0;51.0;101.0;124.0;0.0;0.0;31.0;74.0;31.0;0.0;0.0;56.0;21.0;4.0;0.0;0.0;12.0;7.0;1.0
42add8450480bd72e869babe304df9ad;3.0;7.0;37.0;27.0;21.0;25.0;0.0;0.0;32.0;28.0;2.0;1.0;0.0;10.0;17.0;4.0;0.0;0.0;11.0;4.0;0.0
7511dc143dc6b452b33f22734f72f05d;11861.0;33315.0;30225.0;7928.0;5394.0;10478.0;175.0;1548.0;2737.0;3315.0;681.0;812.0;60.0;1702.0;1475.0;257.0;273.0;195.0;1335.0;925.0;579.0
c298b5d101a55841b0edb6b7ec0088b7;0.0;0.0;10.0;26.0;2.0;21.0;0.0;0.0;29.0;8.0;9.0;0.0;0.0;18.0;12.0;0.0;0.0;0.0;10.0;6.0;2.0
703fed74a31e4ed816606e94919facf2;7789.0;15058.0;25325.0;7820.0;8270.0;17585.0;177.0;2034.0;4202.0;5465.0;2140.0;703.0;123.0;2292.0;1522.0;319.0;255.0;164.0;795.0;292.0;60.0
cae48e2396bb8feeafbe6a15c91f5cbb;606.0;449.0;1145.0;419.0;202.0;605.0;5.0;30.0;75.0;225.0;55.0;8.0;1.0;86.0;55.0;20.0;2.0;5.0;22.0;9.0;1.0
83b723fdff05b094f042c9daa704ebdf;1041.0;750.0;2698.0;2374.0;2811.0;2724.0;13.0;744.0;3200.0;5675.0;786.0;581.0;107.0;4069.0;3739.0;1810.0;397.0;699.0;6388.0;4605.0;2122.0
e8f5042b9fb3960db1d70d707b211b66;626.0;269.0;673.0;1492.0;1068.0;1594.0;159.0;590.0;2269.0;4507.0;1176.0;842.0;77.0;4519.0;5257.0;1624.0;498.0;1427.0;9141.0;8520.0;4234.0
fbe185fec39ec3b4c075e1df3ec4c497;16533.0;450500.0;172588.0;32635.0;88997.0;360264.0;66.0;4943.0;28669.0;196600.0;20375.0;2301.0;81.0;64705.0;22415.0;41733.0;633.0;748.0;41861.0;13464.0;4609.0
e2bcabecfc7e41b16ff6cd01530faf20;28364.0;197252.0;73176.0;31757.0;37705.0;208859.0;449.0;4912.0;18684.0;112661.0;16416.0;2328.0;195.0;51753.0;20388.0;13213.0;890.0;1967.0;27865.0;14181.0;5566.0
87d637f48407833436f7aaa6c0b10b4a;914.0;332.0;2683.0;981.0;1254.0;924.0;2.0;51.0;459.0;456.0;181.0;26.0;0.0;235.0;113.0;43.0;5.0;4.0;91.0;15.0;4.0
c1f08bc29b22646553ee5a7d77a78d5a;1583.0;11253.0;9865.0;2990.0;3639.0;10707.0;14.0;443.0;1557.0;2456.0;1053.0;164.0;19.0;1397.0;698.0;180.0;94.0;111.0;807.0;452.0;163.0
c777e0d2eaf3082ffe4f1e148e8cd515;1114.0;1283.0;4080.0;1322.0;3367.0;2827.0;27.0;1064.0;1945.0;3240.0;263.0;494.0;104.0;1786.0;1160.0;459.0;315.0;255.0;1306.0;642.0;160.0
84d794184f7a4e1d17b2623c1d376a49;5382.0;51659.0;26336.0;5678.0;7844.0;49575.0;21.0;687.0;3289.0;14391.0;4186.0;167.0;5.0;6918.0;1775.0;2680.0;35.0;29.0;2747.0;656.0;395.0
728391d713d314d3cf6e88baf8e25db5;71.0;4.0;91.0;60.0;39.0;18.0;1.0;20.0;73.0;45.0;0.0;8.0;1.0;21.0;20.0;6.0;6.0;18.0;25.0;15.0;2.0
463986a550b982a9f8dd186cbaa11f3a;13.0;43.0;93.0;116.0;7.0;214.0;0.0;2.0;54.0;144.0;48.0;4.0;0.0;144.0;65.0;3.0;1.0;6.0;81.0;57.0;20.0
4cbab6bf5a28f63370083c7be5994e53;781.0;5123.0;1366.0;1045.0;1486.0;9056.0;47.0;345.0;1085.0;5293.0;1505.0;299.0;31.0;3629.0;1795.0;884.0;173.0;333.0;2859.0;1513.0;715.0
6e4bde5ca0e94c563b0cda4dfed1638f;226871.0;94107.0;418112.0;237446.0;266346.0;221613.0;7983.0;98200.0;210066.0;267708.0;47283.0;65400.0;9483.0;145714.0;153625.0;34569.0;38776.0;34702.0;137051.0;68776.0;17949.0
74ed356b0b3c466173cb3c9ad48d2e69;4150.0;3394.0;9094.0;3782.0;3190.0;6715.0;40.0;466.0;1076.0;2150.0;1173.0;169.0;5.0;1350.0;414.0;83.0;25.0;25.0;343.0;96.0;49.0
af4af1942e399b03d0c9ad019f8d3068;11845.0;45906.0;48143.0;31901.0;29910.0;115490.0;63.0;2240.0;20340.0;51453.0;27289.0;1302.0;32.0;48924.0;14321.0;10849.0;482.0;624.0;26115.0;8085.0;6542.0
0b960b0e05d6b52b02f0d68d0feff2e4;13052.0;22302.0;44548.0;12555.0;26504.0;33644.0;638.0;10427.0;16276.0;33437.0;3418.0;4896.0;877.0;12066.0;13302.0;5747.0;2530.0;2771.0;12155.0;5746.0;1136.0
b795ba04995e75aac50293c9ea49d6ec;1.0;0.0;1.0;16.0;6.0;0.0;0.0;1.0;12.0;3.0;6.0;7.0;0.0;15.0;3.0;0.0;6.0;0.0;6.0;9.0;3.0
1ccd7d75709273d2e539cf8d8713d3fe;8730.0;19078.0;22086.0;16189.0;15317.0;48430.0;52.0;1013.0;12841.0;23150.0;10162.0;395.0;179.0;26497.0;6095.0;1999.0;644.0;701.0;11783.0;7685.0;6185.0
62ed8a8b85421a80c89d930291d76519;19692.0;1354.0;18544.0;27804.0;13111.0;8957.0;445.0;4107.0;18829.0;15894.0;6702.0;5435.0;561.0;20244.0;18344.0;3522.0;4180.0;4922.0;25320.0;17007.0;8366.0
57740a090c00c8e478c5d55b58fbc63c;10.0;0.0;21.0;262.0;3.0;156.0;0.0;10.0;274.0;73.0;276.0;1.0;10.0;1613.0;297.0;41.0;200.0;91.0;796.0;811.0;2078.0
35050f9f7b5abb38ae2302071e700630;11916.0;9384.0;24253.0;7978.0;12037.0;12356.0;187.0;3623.0;5917.0;9103.0;1611.0;1319.0;180.0;3987.0;2643.0;739.0;701.0;551.0;2067.0;917.0;195.0
c72657511345633133239ad46fb16c5d;1177.0;880.0;1909.0;1759.0;893.0;2590.0;14.0;155.0;692.0;1949.0;599.0;111.0;1.0;1111.0;768.0;283.0;26.0;51.0;812.0;292.0;105.0
4313c80124acc8cf03faf4192125e345;1097.0;567.0;2534.0;1671.0;1239.0;1339.0;18.0;145.0;989.0;1228.0;328.0;82.0;4.0;880.0;562.0;188.0;16.0;31.0;676.0;290.0;98.0
a93952888f9b1df886de740f2bb32b8e;225.0;12.0;279.0;945.0;284.0;155.0;0.0;11.0;462.0;338.0;214.0;11.0;1.0;493.0;343.0;68.0;2.0;22.0;533.0;397.0;192.0
dec54c4c4c2d284d52c2ff35f42792e6;11.0;291.0;20.0;30.0;52.0;526.0;1.0;13.0;43.0;300.0;61.0;8.0;11.0;252.0;50.0;42.0;37.0;25.0;137.0;115.0;51.0
6a423e39afc1d543c38a482ff039d6c6;640.0;850.0;2771.0;1798.0;426.0;2024.0;10.0;43.0;236.0;823.0;201.0;35.0;2.0;1294.0;167.0;40.0;19.0;20.0;333.0;286.0;326.0
fbf2445ca1c6be8d754a361244640e57;9952.0;5851.0;17566.0;10513.0;7152.0;12223.0;62.0;1856.0;3767.0;8410.0;3178.0;651.0;80.0;5595.0;1966.0;817.0;344.0;289.0;2399.0;1303.0;1150.0
ff4ab0ef293119c17e59b134bb3c2452;10037.0;31095.0;39102.0;14374.0;18759.0;46092.0;80.0;3566.0;11344.0;30121.0;5477.0;1374.0;175.0;12129.0;7781.0;6019.0;905.0;912.0;9621.0;3440.0;973.0
d7e862fcc68eae4c79768745fc91eed7;537.0;492.0;1655.0;661.0;880.0;1070.0;14.0;326.0;400.0;855.0;176.0;204.0;18.0;317.0;259.0;116.0;77.0;20.0;239.0;55.0;15.0
f7b2a9868e91194cb953253f7f25ac45;61.0;9.0;93.0;152.0;65.0;77.0;2.0;35.0;128.0;134.0;50.0;34.0;2.0;83.0;166.0;37.0;22.0;28.0;148.0;75.0;14.0
ea0249b0387b2511b877052bb3652db7;3914.0;2381.0;5872.0;4114.0;5058.0;6455.0;52.0;654.0;2870.0;6662.0;1417.0;433.0;13.0;3687.0;2566.0;879.0;137.0;230.0;2980.0;1289.0;506.0
46fa6d06a60ffac309fb79f72fd378b7;341.0;276.0;753.0;150.0;247.0;373.0;5.0;55.0;47.0;101.0;33.0;19.0;0.0;18.0;13.0;2.0;2.0;1.0;9.0;0.0;0.0
50c551415b2c1287de2007cee0f95962;34.0;0.0;37.0;53.0;15.0;13.0;0.0;4.0;29.0;10.0;9.0;4.0;0.0;5.0;8.0;0.0;1.0;2.0;7.0;2.0;1.0
d0ecb7e3818fe8e043f027e4fce7afd3;159221.0;117642.0;270169.0;146269.0;101945.0;111593.0;2946.0;23316.0;71627.0;57377.0;14658.0;12601.0;597.0;67457.0;25682.0;5262.0;5131.0;4248.0;34998.0;20176.0;13522.0
00a2e712ab442a15d2116c6adb53d280;340.0;2173.0;2284.0;865.0;541.0;3836.0;0.0;23.0;201.0;1272.0;679.0;6.0;0.0;973.0;129.0;42.0;6.0;13.0;200.0;89.0;53.0
4831d2e234104a476f325aabf90de8a3;56598.0;207516.0;264335.0;85595.0;90623.0;257650.0;311.0;14787.0;53487.0;89077.0;28719.0;4551.0;2384.0;52192.0;19322.0;10002.0;3506.0;1983.0;19043.0;7713.0;3293.0
dd27cee1190872b232315b7431e5a3e3;8.0;0.0;4.0;2.0;2.0;0.0;0.0;2.0;3.0;2.0;0.0;0.0;0.0;0.0;6.0;1.0;0.0;1.0;12.0;24.0;16.0
4c6f46c0460fdfe436c65d8eda35c66a;2.0;20.0;16.0;6.0;6.0;74.0;0.0;0.0;1.0;12.0;12.0;0.0;0.0;5.0;2.0;0.0;0.0;0.0;1.0;0.0;0.0
d50e8b73821192149d4b14481562b75e;21.0;3.0;24.0;13.0;30.0;11.0;0.0;2.0;10.0;17.0;4.0;3.0;0.0;5.0;16.0;3.0;0.0;1.0;5.0;1.0;0.0
8ad28ffbba05ce3a5c23b4d3d31d2ff3;44466.0;48393.0;132769.0;77857.0;67965.0;128430.0;529.0;10617.0;56458.0;98979.0;29140.0;5949.0;570.0;90416.0;33660.0;12868.0;4100.0;6582.0;56184.0;37535.0;21974.0
6360249d532020119b83b29e43beb51d;2951.0;531.0;4206.0;2607.0;2137.0;1579.0;15.0;386.0;1120.0;1200.0;424.0;193.0;11.0;810.0;485.0;77.0;59.0;83.0;443.0;199.0;46.0
be8bc952ced9f7efcddc76df7c9e9777;757.0;148.0;945.0;680.0;704.0;654.0;10.0;86.0;398.0;771.0;213.0;55.0;2.0;395.0;300.0;49.0;14.0;39.0;261.0;130.0;30.0
b0fe738f22afc4447c17d1d5460b581c;47936.0;15972.0;81879.0;43520.0;54068.0;45748.0;2089.0;23624.0;35530.0;51795.0;9798.0;12500.0;1902.0;22061.0;24800.0;6647.0;5574.0;4321.0;18649.0;8078.0;1680.0
24d560a87d029d6bb1895cfc8197f264;31137.0;19285.0;65031.0;36026.0;34256.0;51745.0;298.0;6423.0;16900.0;31078.0;12086.0;2772.0;282.0;16163.0;9383.0;2615.0;1092.0;808.0;7760.0;2673.0;830.0
db8e8a56752e9999396199ff4f79026d;63473.0;9960.0;83381.0;47028.0;33254.0;26006.0;886.0;8540.0;17226.0;17599.0;6113.0;3955.0;304.0;8881.0;6656.0;1371.0;1461.0;1142.0;4821.0;2035.0;458.0
40c32af947dc614857a3c59de56e81e5;19355.0;5297.0;30517.0;11335.0;9033.0;8064.0;113.0;2208.0;4530.0;4602.0;992.0;604.0;69.0;2099.0;1484.0;293.0;221.0;201.0;1035.0;420.0;94.0
f9fbea50d06f0cac16589c514f7f2dcf;4281.0;1514.0;8216.0;5147.0;8645.0;5554.0;106.0;1940.0;7099.0;9170.0;968.0;1244.0;256.0;8190.0;4512.0;1576.0;1025.0;1280.0;7643.0;5055.0;2310.0
30c792ebaa0d8a04b4094f71d7644dab;11.0;6.0;32.0;11.0;24.0;44.0;1.0;9.0;13.0;43.0;13.0;2.0;0.0;10.0;13.0;2.0;1.0;3.0;6.0;2.0;0.0
e844bcdfb2a66cd29c387a098b7dd35f;1760.0;1034.0;3103.0;3111.0;1601.0;3904.0;10.0;401.0;1475.0;2579.0;1665.0;196.0;13.0;2456.0;925.0;185.0;73.0;82.0;912.0;496.0;330.0
198f337ee8460e7184db7b8e253fb77a;12338.0;21290.0;32924.0;15431.0;24970.0;41640.0;482.0;6272.0;17227.0;37169.0;5729.0;3699.0;349.0;18150.0;14797.0;4878.0;1878.0;2433.0;15632.0;7802.0;2284.0
fc498968d415ab9292cdeea0259d0515;6898.0;624.0;7919.0;2762.0;2432.0;1355.0;190.0;1253.0;873.0;771.0;222.0;435.0;57.0;262.0;220.0;37.0;83.0;21.0;101.0;24.0;3.0
4d8a8fe4bb5fd504fc92044f2419f51d;816.0;74954.0;16748.0;2401.0;1343.0;22898.0;0.0;38.0;401.0;2289.0;566.0;2.0;0.0;872.0;152.0;61.0;0.0;1.0;118.0;40.0;21.0
b17b70bb401ebed9bcdc83153dddfc5e;4692.0;2404.0;7832.0;2811.0;3512.0;3842.0;72.0;1185.0;1426.0;2836.0;421.0;571.0;45.0;828.0;780.0;284.0;163.0;59.0;504.0;134.0;23.0
043a1247661dac42506ca174354bb23d;255.0;1467.0;931.0;313.0;604.0;1711.0;12.0;277.0;293.0;1830.0;159.0;175.0;29.0;368.0;496.0;800.0;60.0;65.0;708.0;301.0;58.0
7d64b1e6efbc0429ebcf7d1d6c25622f;6092.0;3118.0;13260.0;5362.0;3782.0;4696.0;76.0;1290.0;1589.0;2604.0;683.0;441.0;79.0;788.0;704.0;313.0;135.0;96.0;487.0;151.0;27.0
0369555cce0369a0666f512bcfb17f92;142.0;34.0;191.0;196.0;212.0;296.0;13.0;107.0;257.0;667.0;164.0;107.0;5.0;295.0;696.0;226.0;36.0;109.0;844.0;542.0;145.0
cdcfd9c4c07ef85aeb4f41ab3c8929c9;0.0;1.0;3.0;0.0;0.0;3.0;1.0;0.0;0.0;0.0;0.0;0.0;0.0;0.0;0.0;6.0;0.0;0.0;6.0;5.0;1.0
c6094a83ac34541691494dc193326177;61.0;190.0;238.0;60.0;214.0;479.0;8.0;123.0;154.0;699.0;39.0;87.0;28.0;225.0;342.0;193.0;56.0;97.0;396.0;206.0;40.0
283e30c42f71d05c782f0c6f54ed8879;2169.0;1124.0;3570.0;1691.0;1305.0;2442.0;11.0;1309.0;1367.0;2534.0;974.0;270.0;208.0;1281.0;673.0;471.0;272.0;187.0;586.0;375.0;83.0
b04609f26f97d000d188e8a20ee57f39;26259.0;11771.0;51401.0;29801.0;37618.0;32991.0;569.0;8505.0;26003.0;38152.0;6469.0;5329.0;411.0;21378.0;17593.0;5242.0;2376.0;2706.0;17430.0;8292.0;2625.0
1b350a09b164a6007e4d7abf73969084;165769.0;51237.0;248255.0;92089.0;78432.0;76747.0;2270.0;20859.0;30039.0;41054.0;10315.0;7130.0;562.0;15391.0;9947.0;3011.0;1593.0;794.0;6525.0;2145.0;618.0
69ebf42b5c6c9ebc57bee01702c93953;31231.0;28114.0;81234.0;31463.0;42360.0;48347.0;331.0;6156.0;21533.0;40541.0;5153.0;2683.0;139.0;20922.0;10395.0;5886.0;887.0;686.0;13520.0;5650.0;2383.0
49b59afae36205da4ecb04cce5098344;1024.0;910.0;2920.0;926.0;1599.0;1485.0;4.0;131.0;728.0;1036.0;167.0;53.0;1.0;424.0;299.0;74.0;9.0;27.0;218.0;91.0;15.0
dddb534e533dd87591195e92f7f7f4f0;2320.0;291.0;2511.0;2122.0;1979.0;1321.0;163.0;1058.0;1892.0;1700.0;473.0;723.0;63.0;871.0;1152.0;227.0;306.0;160.0;798.0;301.0;54.0
7a59982d9477cd5b746ed188c67c000f;195662.0;64202.0;329478.0;221194.0;281088.0;220205.0;8934.0;116873.0;230617.0;319008.0;56999.0;80663.0;13567.0;180833.0;190795.0;50509.0;51252.0;44997.0;189056.0;99982.0;28618.0
9686478eb45456d54a4f822a71d259e4;38244.0;46171.0;110894.0;61282.0;78193.0;105795.0;296.0;8172.0;48708.0;87469.0;20449.0;4656.0;184.0;58191.0;28656.0;11258.0;2093.0;2203.0;36207.0;16354.0;7219.0
5dc662695737f2e9c784fe9d921c048b;1998.0;990.0;4787.0;1870.0;2218.0;2395.0;35.0;1031.0;1523.0;1859.0;434.0;396.0;67.0;639.0;667.0;226.0;165.0;129.0;361.0;154.0;28.0
0c01f33ad58e215099bf1a2987168d80;22265.0;47300.0;123381.0;29314.0;29996.0;55814.0;42.0;1721.0;11436.0;22643.0;5443.0;477.0;20.0;8663.0;3763.0;3015.0;168.0;183.0;3867.0;1055.0;288.0
ec83b76cb9cb199107e90f995a9dcd4b;693.0;483.0;1075.0;550.0;757.0;933.0;15.0;217.0;419.0;894.0;163.0;115.0;17.0;312.0;399.0;108.0;61.0;58.0;287.0;115.0;15.0
377b27603fb295c90f26dd7d1c5cbab1;1529.0;1043.0;3447.0;2186.0;3062.0;4413.0;1.0;597.0;4248.0;8396.0;575.0;317.0;43.0;11430.0;4745.0;2396.0;478.0;1348.0;14497.0;14718.0;12770.0
1db19e01c9ec63bcb60694265f90fd22;8213.0;1879.0;14033.0;11725.0;8617.0;7450.0;148.0;1519.0;8313.0;9434.0;2472.0;1438.0;37.0;8386.0;6409.0;1139.0;798.0;1214.0;7863.0;4646.0;1715.0
61609a85bfcfab5fc7090e79a4f402ed;5010.0;1113.0;7432.0;7827.0;10214.0;6847.0;158.0;1694.0;13043.0;13726.0;1774.0;1506.0;83.0;19022.0;8294.0;3211.0;910.0;1748.0;18531.0;15891.0;10952.0
ea7f3ee41ce2853bbf3e06d8527da34b;2213.0;1756.0;5665.0;5111.0;2714.0;5383.0;10.0;270.0;3804.0;3792.0;1033.0;161.0;2.0;7256.0;1932.0;422.0;99.0;261.0;5620.0;6023.0;8313.0
b8dfb0c6f09aae27259c22437d6c9415;8588.0;16116.0;25082.0;9263.0;13418.0;29724.0;321.0;3303.0;7120.0;22647.0;4389.0;1542.0;157.0;8208.0;6915.0;3560.0;447.0;567.0;6656.0;2346.0;582.0
574afe47215b6847ba305f33fba5d12a;555.0;1156.0;2125.0;1233.0;883.0;2552.0;4.0;20.0;570.0;1634.0;409.0;14.0;0.0;861.0;499.0;203.0;2.0;13.0;616.0;224.0;76.0
d378ceb4020c5ca0ed6bcce0478dcea9;463.0;324.0;1190.0;680.0;934.0;1017.0;0.0;207.0;980.0;1116.0;151.0;101.0;8.0;726.0;570.0;145.0;61.0;95.0;512.0;304.0;77.0
0b94a139e58fc795a05594de4d78f8b7;188.0;81.0;488.0;388.0;140.0;357.0;1.0;18.0;195.0;144.0;93.0;14.0;0.0;107.0;62.0;4.0;2.0;4.0;36.0;11.0;7.0
18d2f9c906df851c8714fa4cc848eb2a;54724.0;19948.0;89296.0;73546.0;39957.0;36777.0;533.0;10983.0;44711.0;44717.0;10319.0;7377.0;732.0;50754.0;28634.0;6865.0;5614.0;8920.0;46468.0;40305.0;21292.0
62d4c4e0451d804141875debef8ed06e;106686.0;466594.0;388343.0;168694.0;212338.0;648972.0;2020.0;31024.0;121786.0;294102.0;91207.0;16798.0;1151.0;157226.0;79137.0;28546.0;7642.0;7974.0;80710.0;33071.0;10911.0
6dc1d61a3b32406d510a7ef7ec840852;2.0;2.0;14.0;1.0;6.0;4.0;0.0;0.0;0.0;2.0;0.0;0.0;0.0;2.0;0.0;0.0;0.0;0.0;0.0;2.0;1.0
5bafb156828caf5394f240619f339d80;32360.0;19156.0;65597.0;28946.0;34245.0;40274.0;434.0;4471.0;14720.0;24767.0;7448.0;2232.0;79.0;12540.0;7506.0;2210.0;411.0;430.0;6126.0;2061.0;911.0
ff3205138f030ce71d63520393a54d0f;234.0;47.0;239.0;288.0;180.0;168.0;5.0;82.0;200.0;319.0;41.0;39.0;2.0;230.0;180.0;106.0;23.0;14.0;271.0;200.0;78.0
2e4396fa3426f164ed01bcf52d9cb8e2;377.0;1143.0;1052.0;573.0;1052.0;2614.0;18.0;287.0;758.0;3731.0;410.0;249.0;26.0;1774.0;1556.0;1157.0;107.0;233.0;2601.0;1593.0;569.0
a09d37cc8469cd5ae422b0c28f050947;1199.0;3167.0;7035.0;2266.0;491.0;3731.0;0.0;135.0;519.0;565.0;333.0;16.0;0.0;621.0;114.0;41.0;10.0;27.0;187.0;105.0;67.0
bec76bdbc3f844c22da10febf802610f;18.0;0.0;3.0;7.0;1.0;0.0;0.0;2.0;5.0;3.0;0.0;0.0;0.0;0.0;0.0;0.0;0.0;1.0;0.0;0.0;0.0
0eb3dd6e68000b882011e35be065d080;706.0;47.0;681.0;417.0;200.0;107.0;27.0;101.0;105.0;92.0;30.0;34.0;3.0;57.0;38.0;8.0;7.0;3.0;26.0;5.0;7.0
0924d39c717712255cbb0d85bcfb2be3;329.0;42.0;541.0;797.0;497.0;192.0;0.0;83.0;943.0;554.0;220.0;42.0;1.0;1141.0;749.0;84.0;49.0;93.0;1258.0;991.0;604.0
4774116444f2bf659dea16d96e16ffb5;50.0;2.0;40.0;86.0;19.0;22.0;0.0;0.0;22.0;26.0;7.0;0.0;0.0;36.0;7.0;0.0;0.0;0.0;30.0;16.0;12.0
fb5754c6642e8362bd755716a4e71e52;191.0;48.0;294.0;385.0;486.0;259.0;16.0;185.0;781.0;775.0;153.0;172.0;17.0;710.0;912.0;296.0;186.0;237.0;1276.0;1108.0;416.0
08cba9bf53bf8fb1ee1666ea3aef0f37;798764.0;318844.0;1538258.0;719573.0;596952.0;623580.0;9050.0;133871.0;327849.0;450636.0;107227.0;57855.0;4094.0;182219.0;154285.0;50260.0;16947.0;13924.0;115777.0;39148.0;9604.0
bae51b36c012102cdbd271a1ad83642d;10.0;15.0;49.0;60.0;90.0;97.0;0.0;0.0;25.0;12.0;54.0;0.0;0.0;75.0;13.0;0.0;0.0;0.0;33.0;5.0;7.0
3e1daf892f55884eed30907084351a4b;3110.0;4735.0;10852.0;5577.0;5151.0;11267.0;44.0;921.0;3453.0;6673.0;2231.0;535.0;28.0;3153.0;2420.0;818.0;157.0;202.0;1946.0;716.0;187.0
1ffaad525b28b08996eba65856f3866c;323.0;35.0;299.0;212.0;175.0;149.0;5.0;62.0;103.0;214.0;45.0;57.0;11.0;49.0;110.0;24.0;22.0;19.0;50.0;11.0;2.0
9431c4ae04a55eb26984202782cdd0f8;34660.0;7321.0;48064.0;22387.0;20807.0;15334.0;568.0;5913.0;10784.0;12883.0;3340.0;2627.0;236.0;6051.0;4981.0;1100.0;840.0;637.0;3420.0;1235.0;297.0
2f4da533e6a479864dcfdee66ad973de;6.0;0.0;2.0;2.0;0.0;1.0;0.0;0.0;6.0;3.0;2.0;1.0;0.0;2.0;4.0;0.0;0.0;2.0;1.0;4.0;0.0
03b953eb7ad4faa9b2a57c5e3ad16123;9076.0;32385.0;51623.0;9518.0;20158.0;37293.0;107.0;1748.0;5178.0;13336.0;3579.0;375.0;37.0;3796.0;2190.0;1059.0;117.0;117.0;1294.0;310.0;54.0
ece026f7697d91b3f09dc4d60c4d27d1;1771.0;170.0;1494.0;1332.0;1011.0;775.0;27.0;321.0;832.0;1097.0;189.0;237.0;20.0;609.0;714.0;249.0;118.0;148.0;757.0;431.0;128.0
30994505276e8272889f568877f75992;4451.0;1549.0;7765.0;5502.0;4345.0;4656.0;25.0;924.0;3014.0;3175.0;1267.0;353.0;102.0;2596.0;1312.0;286.0;238.0;238.0;1499.0;960.0;446.0
86e7f17e3f0ffcba88a838de00bf8e38;983.0;483.0;3345.0;2341.0;381.0;629.0;0.0;50.0;521.0;419.0;96.0;14.0;0.0;529.0;122.0;89.0;10.0;4.0;362.0;271.0;419.0
4a18cdce49815d92b672a423e447a9a7;19974.0;57443.0;84551.0;15772.0;19326.0;35951.0;114.0;3531.0;7047.0;11317.0;2351.0;761.0;52.0;3161.0;2040.0;766.0;171.0;174.0;1298.0;422.0;76.0
52a5c11ab3303a158970ff0170b0a774;157.0;30.0;361.0;183.0;113.0;88.0;0.0;1.0;46.0;46.0;21.0;0.0;0.0;12.0;14.0;3.0;0.0;1.0;4.0;0.0;0.0
f576e9d29c9c135304fd70c51a1dfa84;566.0;838.0;1880.0;968.0;907.0;1880.0;10.0;154.0;695.0;2058.0;364.0;119.0;6.0;1047.0;806.0;415.0;48.0;80.0;1286.0;584.0;240.0
3ba9473fe94a0c03583f7fd85737bd08;6146.0;101303.0;74309.0;15429.0;15664.0;55548.0;13.0;543.0;4966.0;16618.0;2901.0;420.0;52.0;8527.0;3478.0;2487.0;364.0;617.0;6934.0;4338.0;2656.0
5f7afd81a3afd1bfef4aaf5d37447106;9.0;0.0;11.0;64.0;10.0;14.0;0.0;5.0;45.0;26.0;23.0;7.0;0.0;49.0;64.0;3.0;4.0;8.0;54.0;35.0;8.0
501b9e775d0303cc4ec53572a8c4feb7;19.0;251.0;268.0;74.0;144.0;523.0;0.0;0.0;81.0;121.0;69.0;0.0;0.0;122.0;18.0;52.0;0.0;0.0;72.0;5.0;7.0
9a8e761875fd7fa1171e72ba798d15c8;1787.0;6702.0;10763.0;2194.0;1912.0;5409.0;6.0;208.0;774.0;1737.0;369.0;61.0;5.0;378.0;261.0;231.0;24.0;12.0;184.0;18.0;5.0
62a51f33208125c840b098aa053d1404;42.0;4.0;66.0;67.0;101.0;45.0;0.0;16.0;149.0;72.0;30.0;18.0;0.0;134.0;71.0;19.0;8.0;12.0;92.0;60.0;31.0
fc8c7e09a249b0ed1ebf18be236174c3;4.0;32.0;27.0;3.0;11.0;31.0;0.0;2.0;1.0;5.0;2.0;0.0;0.0;0.0;0.0;0.0;0.0;0.0;0.0;0.0;0.0
dc8e6ac9008d1975afe7c73416886ede;7306.0;19013.0;22094.0;3600.0;2997.0;5631.0;64.0;831.0;1037.0;1436.0;311.0;230.0;17.0;310.0;250.0;162.0;45.0;22.0;112.0;23.0;8.0
44ca051cba16cb27fbf34f7d4431ebf8;1211.0;829.0;3131.0;1501.0;1758.0;1814.0;18.0;216.0;997.0;1527.0;331.0;62.0;0.0;798.0;356.0;185.0;26.0;43.0;493.0;166.0;55.0
39bc5a3380d4244cb45053f9f27103d8;7.0;9.0;41.0;28.0;24.0;73.0;0.0;0.0;2.0;11.0;20.0;0.0;0.0;20.0;0.0;0.0;0.0;0.0;0.0;0.0;1.0
1823df914f72cd7dbfe2879b21813360;33271.0;3886.0;33087.0;31185.0;15108.0;10676.0;753.0;6171.0;12271.0;10867.0;3538.0;3517.0;354.0;7504.0;5840.0;1346.0;1526.0;1123.0;5150.0;2572.0;730.0
0d89818933a21968e2d46ed2f23f55ce;74.0;2.0;117.0;316.0;34.0;34.0;0.0;0.0;46.0;56.0;39.0;0.0;0.0;147.0;20.0;3.0;0.0;0.0;60.0;54.0;92.0
004c89641bfea0365d81de830e46a893;960.0;660.0;2491.0;1018.0;489.0;662.0;23.0;262.0;499.0;417.0;130.0;149.0;9.0;207.0;168.0;34.0;44.0;35.0;103.0;59.0;10.0
3816e0f9232d8ed123fe751a56b0a002;0.0;3.0;3.0;0.0;0.0;3.0;0.0;0.0;0.0;3.0;0.0;0.0;0.0;0.0;9.0;4.0;2.0;2.0;12.0;24.0;16.0
95ccf57be058944095019a4eef5c8613;23755.0;75262.0;89560.0;34674.0;47292.0;102865.0;374.0;6720.0;24356.0;60637.0;8604.0;3546.0;253.0;42962.0;14360.0;11731.0;1278.0;1290.0;23075.0;9418.0;5989.0
7c063ff64b65d0d5e0b986f8f8ce6206;135035.0;76759.0;283910.0;143213.0;270331.0;239306.0;8025.0;89035.0;192712.0;337471.0;47080.0;62232.0;7761.0;175694.0;180638.0;54800.0;32776.0;32995.0;190988.0;94897.0;29294.0
508d434787e29d894e36b1a0a3144bda;488.0;325.0;724.0;362.0;303.0;539.0;5.0;179.0;197.0;395.0;65.0;64.0;12.0;227.0;140.0;79.0;28.0;17.0;141.0;53.0;18.0
9c3fcac6e890f24882fa63d6d1866965;160.0;75.0;291.0;157.0;126.0;120.0;1.0;8.0;13.0;29.0;26.0;2.0;0.0;32.0;5.0;1.0;0.0;0.0;5.0;4.0;2.0
78d4cdbbc26776be9e3d5469fc4f696e;0.0;2.0;2.0;0.0;4.0;13.0;0.0;0.0;2.0;14.0;0.0;0.0;0.0;10.0;8.0;12.0;0.0;0.0;30.0;15.0;7.0
90bf330290fa76da338651bd68512112;9035.0;147644.0;82922.0;30196.0;24113.0;165370.0;30.0;1809.0;15354.0;75074.0;13464.0;1114.0;20.0;47961.0;11280.0;13788.0;354.0;368.0;24241.0;9318.0;6414.0
fc693e512ff4e9bbf672ed94ae03a254;1391.0;341.0;1704.0;1082.0;733.0;609.0;3.0;245.0;366.0;610.0;109.0;59.0;20.0;298.0;169.0;75.0;22.0;26.0;201.0;72.0;31.0
71326110827c59834f93f50ee6f583a9;19697.0;8505.0;32610.0;16370.0;24059.0;20366.0;1113.0;9673.0;15368.0;23874.0;3997.0;6223.0;717.0;9746.0;11863.0;3459.0;2708.0;1886.0;9346.0;3823.0;807.0
2a1a5ac874745b31f5a5f85aadf747f3;108.0;59.0;183.0;109.0;223.0;187.0;0.0;47.0;237.0;307.0;12.0;20.0;2.0;339.0;115.0;48.0;20.0;27.0;222.0;144.0;86.0
8cb979a1c47fbdfa90c6662398892afe;17733.0;37548.0;54218.0;20757.0;16020.0;48309.0;131.0;1735.0;8635.0;28575.0;5306.0;852.0;27.0;8765.0;6140.0;9447.0;166.0;245.0;9833.0;3025.0;880.0
2291c321b7042eccbfab1bf4f8a5e14b;11009.0;12182.0;30470.0;11426.0;19739.0;22183.0;147.0;2830.0;8894.0;21237.0;3051.0;1428.0;152.0;10485.0;6405.0;3745.0;579.0;557.0;8118.0;3143.0;1099.0
c62df86e007dd38e63eda17ae75eeed5;175510.0;218105.0;477606.0;173734.0;304497.0;358103.0;5482.0;101626.0;158384.0;325141.0;54378.0;42689.0;10408.0;133236.0;101640.0;58889.0;23984.0;21544.0;106772.0;53219.0;13297.0
0a0eb9f0f666c106f20b55230a8eb5c5;306083.0;292012.0;612857.0;327055.0;348804.0;570321.0;9722.0;110735.0;220543.0;488282.0;101327.0;64365.0;6705.0;199207.0;192335.0;69677.0;26313.0;25972.0;172642.0;69563.0;17572.0
da37da575b0b747d70434714165f1a74;18.0;9.0;22.0;12.0;10.0;7.0;0.0;0.0;1.0;0.0;0.0;0.0;0.0;1.0;0.0;0.0;0.0;0.0;1.0;0.0;0.0
1256667d416362ede401b832ea32fd43;9628.0;38503.0;52195.0;29578.0;21197.0;67859.0;75.0;1683.0;18819.0;18912.0;16321.0;811.0;24.0;27889.0;9083.0;1543.0;355.0;768.0;13759.0;7669.0;4802.0
17873f15a07f424829f271f39b1cbaca;5543.0;4400.0;12048.0;5853.0;3899.0;7818.0;28.0;394.0;2439.0;4820.0;1093.0;183.0;1.0;2164.0;1378.0;1097.0;32.0;51.0;1575.0;473.0;268.0
6a17344679579f9ac06fb5039d00ebab;28630.0;20945.0;46601.0;58661.0;26552.0;31188.0;784.0;5885.0;33753.0;24670.0;19114.0;5685.0;444.0;50556.0;15334.0;2705.0;3206.0;2293.0;26965.0;21790.0;22080.0
8d2298dadb8cd6bceb741c1cccaf359f;349.0;2649.0;1965.0;541.0;556.0;3257.0;0.0;332.0;303.0;627.0;314.0;12.0;31.0;653.0;80.0;19.0;39.0;15.0;80.0;61.0;35.0
c69156f52e6f41694d0d1ba496cb0ea8;5641.0;1452.0;7938.0;3043.0;2854.0;2479.0;108.0;781.0;991.0;1241.0;349.0;269.0;18.0;406.0;321.0;52.0;45.0;22.0;210.0;129.0;135.0
9616405442236cbb3ba39870084ffba1;104.0;180.0;216.0;442.0;118.0;787.0;0.0;13.0;204.0;350.0;351.0;2.0;0.0;615.0;79.0;4.0;3.0;15.0;148.0;111.0;105.0
ca54d0cb47d9b2d1320eb0f3404ffefc;9.0;9.0;28.0;34.0;66.0;82.0;0.0;7.0;51.0;236.0;39.0;7.0;0.0;258.0;102.0;28.0;3.0;22.0;212.0;222.0;110.0
61d20fe1310c10b3840c891f4db27215;1200.0;2993.0;2476.0;765.0;998.0;4022.0;50.0;446.0;401.0;1323.0;456.0;169.0;16.0;346.0;254.0;43.0;59.0;7.0;108.0;25.0;4.0
305b11056277914347917f2599ac4875;45.0;4.0;132.0;119.0;24.0;41.0;0.0;0.0;20.0;14.0;21.0;0.0;0.0;43.0;6.0;0.0;0.0;0.0;9.0;4.0;3.0
9f05bccfbb541fc09106ff4a81bc7260;637.0;1912.0;3211.0;899.0;421.0;1803.0;0.0;80.0;290.0;700.0;71.0;9.0;0.0;594.0;117.0;45.0;3.0;9.0;224.0;91.0;49.0
7546cfcd5a9524384d924492966a5f97;88602.0;74186.0;230743.0;179222.0;114443.0;187680.0;511.0;11903.0;70595.0;141700.0;47806.0;6159.0;341.0;129039.0;37395.0;22094.0;2879.0;2743.0;74038.0;37424.0;26984.0
48438003c62511f233842ad68b988679;59.0;12384.0;2665.0;262.0;337.0;7127.0;0.0;0.0;169.0;316.0;333.0;1.0;0.0;336.0;11.0;4.0;0.0;2.0;14.0;9.0;3.0
d2ce5190aa176854d232681c84c736d4;405.0;1453.0;1533.0;618.0;1596.0;3767.0;8.0;239.0;1055.0;4468.0;588.0;144.0;11.0;2053.0;1887.0;1376.0;53.0;162.0;3264.0;1604.0;600.0
cefd7c37d3f47bc6c88fcc9627aeb04d;77555.0;16198.0;106627.0;82283.0;77403.0;58725.0;3952.0;29374.0;63186.0;77649.0;19934.0;20269.0;1536.0;41418.0;47294.0;11993.0;7382.0;6042.0;41822.0;17360.0;5220.0
11bbbd78beacfb68e42e4d32c30f73b9;327.0;1911.0;1463.0;189.0;545.0;1387.0;1.0;294.0;145.0;817.0;106.0;16.0;92.0;41.0;151.0;158.0;49.0;29.0;25.0;2.0;0.0
8aa99a96487cc001bee23a97e7bcaaa9;58335.0;213505.0;306314.0;79295.0;131107.0;228968.0;314.0;15223.0;66813.0;117803.0;20435.0;5220.0;1398.0;69189.0;28642.0;14012.0;4064.0;4355.0;35624.0;16210.0;5638.0
866fd5510eea4027bd20492d39cb7658;51251.0;28412.0;99532.0;44560.0;76680.0;65493.0;1312.0;19350.0;45719.0;83827.0;9818.0;10963.0;1116.0;39470.0;34208.0;15901.0;5025.0;4899.0;39512.0;18836.0;5788.0
35f6a432e3778360ec06d2e3e877fd35;238.0;97.0;665.0;156.0;168.0;120.0;0.0;57.0;72.0;78.0;11.0;14.0;2.0;11.0;17.0;8.0;4.0;2.0;5.0;1.0;0.0
15d0d630145f612bf94d798ad2d1bb2a;0.0;23.0;31.0;50.0;27.0;190.0;0.0;0.0;10.0;88.0;125.0;0.0;0.0;219.0;7.0;0.0;0.0;0.0;21.0;51.0;51.0
9618444364dfa506142f051bed80924f;52.0;22.0;106.0;104.0;36.0;36.0;0.0;0.0;58.0;10.0;13.0;0.0;0.0;12.0;8.0;21.0;0.0;0.0;20.0;3.0;1.0
3dedcc867ed8c7b6bfaaa30c3b13e13b;59.0;0.0;15.0;133.0;43.0;16.0;0.0;0.0;154.0;96.0;0.0;0.0;0.0;301.0;66.0;39.0;0.0;0.0;631.0;574.0;1192.0
97e85dbf5c6f615eefbb5d49c3ecdb51;40.0;103.0;202.0;97.0;113.0;167.0;0.0;4.0;32.0;133.0;25.0;8.0;0.0;36.0;27.0;20.0;0.0;0.0;19.0;8.0;0.0
98cdb09a818c6d748b24f3c3021c36f0;51.0;23.0;96.0;41.0;20.0;39.0;0.0;0.0;18.0;0.0;7.0;0.0;0.0;8.0;4.0;0.0;0.0;0.0;4.0;1.0;0.0
fbdaa6e8d936ca2933da699e683507ce;130.0;231.0;668.0;123.0;10.0;248.0;1.0;54.0;58.0;54.0;23.0;1.0;1.0;20.0;9.0;0.0;9.0;8.0;7.0;11.0;2.0
4b8e9231399ba262e416657ff7d3065c;79.0;1492.0;1299.0;252.0;287.0;1230.0;0.0;14.0;59.0;242.0;94.0;3.0;0.0;56.0;15.0;8.0;0.0;0.0;5.0;3.0;0.0
6887aa4436c95521394f24f73ab23ab8;1212.0;408.0;1663.0;1381.0;1500.0;1410.0;19.0;186.0;952.0;1592.0;340.0;161.0;3.0;1001.0;741.0;173.0;39.0;59.0;739.0;307.0;99.0
a9b46e25544c2770ba17d5d38deedc9e;2510.0;496.0;3594.0;3130.0;1258.0;1540.0;20.0;317.0;1254.0;1840.0;295.0;168.0;28.0;1581.0;650.0;420.0;126.0;155.0;1409.0;949.0;528.0
305be31bbeb4f74dd3bb0251a8ed92c4;229192.0;135702.0;447868.0;119914.0;139060.0;145832.0;3438.0;34708.0;45074.0;58688.0;15904.0;10396.0;725.0;20311.0;13440.0;3633.0;2347.0;1047.0;7741.0;2027.0;421.0
999b341c70452953b24099c0696d40d6;70765.0;19744.0;100793.0;71147.0;63016.0;62881.0;1593.0;21367.0;51825.0;87859.0;12781.0;13814.0;2024.0;48729.0;47522.0;16970.0;9119.0;11730.0;58184.0;35171.0;10974.0
c1be30e6ecbc5a74c5663371bd9cc203;102249.0;107551.0;217174.0;92980.0;82788.0;135817.0;1663.0;17631.0;38028.0;65416.0;18642.0;6793.0;469.0;29802.0;17190.0;5524.0;1941.0;1847.0;14156.0;5485.0;1851.0
860c9dc929beb7893051e2892a95b8e6;2.0;0.0;25.0;5.0;47.0;13.0;0.0;4.0;82.0;52.0;0.0;2.0;0.0;83.0;64.0;14.0;1.0;8.0;119.0;92.0;47.0
6a76213dd0e078a005cc486a911fbaf9;2526.0;1844.0;5374.0;3596.0;4093.0;6215.0;68.0;841.0;2982.0;6109.0;1761.0;538.0;57.0;3964.0;2395.0;790.0;292.0;364.0;2887.0;1632.0;686.0
bd2e3bbc985cdeaaa432150f3e15bfd3;1066.0;198.0;1381.0;830.0;587.0;403.0;55.0;319.0;432.0;307.0;58.0;127.0;19.0;188.0;111.0;39.0;47.0;17.0;130.0;38.0;12.0
6a9532ce52a16ec69c14bd78bd4540a5;21412.0;68854.0;114908.0;25114.0;59940.0;83407.0;220.0;7319.0;25834.0;55917.0;7140.0;3057.0;258.0;21319.0;13769.0;7953.0;1046.0;983.0;14406.0;5079.0;1457.0
4ba28ff0a2608aae776f1c95333f44d0;31.0;18.0;51.0;25.0;26.0;53.0;0.0;0.0;13.0;29.0;9.0;0.0;0.0;10.0;10.0;2.0;0.0;0.0;3.0;1.0;0.0
bc57fde3533257371277782eeaa8bfae;21.0;0.0;14.0;31.0;28.0;4.0;0.0;0.0;6.0;3.0;10.0;0.0;0.0;5.0;2.0;0.0;0.0;0.0;0.0;0.0;0.0
b7a99a1da45b43a149f2ee49935920b1;3397.0;3291.0;8014.0;1554.0;1908.0;3166.0;15.0;457.0;929.0;1216.0;239.0;133.0;12.0;352.0;229.0;401.0;38.0;19.0;242.0;32.0;6.0
0fd9b6f65bf0cf41a84f1324cd736f90;300203.0;59694.0;349041.0;306725.0;195056.0;165099.0;7036.0;52211.0;131625.0;132270.0;58695.0;34590.0;1954.0;111164.0;67841.0;10608.0;13388.0;10149.0;63873.0;29713.0;12254.0
60bf24c8af9befe3734223f2c5129d41;1312.0;1514.0;3817.0;1709.0;1583.0;3017.0;18.0;320.0;949.0;2424.0;458.0;156.0;13.0;802.0;793.0;281.0;66.0;74.0;641.0;204.0;50.0
4b8e13a9846b8b7565608d39cfac9fe4;5634.0;17150.0;24404.0;8249.0;17321.0;27513.0;27.0;1458.0;7606.0;17858.0;3297.0;646.0;65.0;11399.0;4108.0;2670.0;351.0;354.0;5737.0;2086.0;1100.0
65cd61ab2f6287f95c3be5ce6c90165d;5666.0;1839.0;10700.0;4954.0;3740.0;3913.0;66.0;664.0;2363.0;2424.0;806.0;294.0;50.0;1485.0;997.0;335.0;173.0;198.0;1062.0;549.0;177.0
d3f2400b9492e33fb13c76c6b6c55f4e;47.0;164.0;320.0;46.0;16.0;160.0;0.0;73.0;57.0;22.0;9.0;12.0;19.0;11.0;4.0;3.0;13.0;2.0;2.0;3.0;0.0
9b41315bb0615ab88ba305d1f6fc9de7;4070.0;4916.0;12860.0;3926.0;3145.0;6111.0;28.0;711.0;1249.0;1426.0;626.0;164.0;16.0;850.0;307.0;146.0;61.0;55.0;291.0;205.0;57.0
1405b7355825dbdb6e3770f448d10934;266.0;33.0;378.0;185.0;131.0;68.0;0.0;43.0;118.0;129.0;18.0;25.0;1.0;36.0;55.0;9.0;15.0;17.0;47.0;13.0;2.0
e8bea0a9ba02430ed1a5955e8cf557da;481206.0;97635.0;674318.0;586017.0;480977.0;364797.0;9581.0;118905.0;399870.0;438630.0;111809.0;79960.0;5552.0;321121.0;246038.0;56816.0;32510.0;32651.0;259109.0;131848.0;55223.0
0b932399bcb40bb117a00994a7a10009;6421.0;7912.0;17411.0;6605.0;5444.0;8580.0;48.0;1312.0;2857.0;3788.0;1193.0;548.0;146.0;2375.0;1451.0;546.0;293.0;311.0;1395.0;625.0;173.0
9f3b5ce33687c4e6249dbd3fa5f338d5;136.0;0.0;118.0;290.0;14.0;23.0;0.0;4.0;29.0;26.0;3.0;8.0;0.0;68.0;6.0;0.0;0.0;0.0;27.0;7.0;23.0
0ef9782981c41fdf5ee711d417ea7b6d;15275.0;5800.0;26425.0;14985.0;10272.0;11550.0;118.0;1550.0;5614.0;6095.0;2532.0;606.0;37.0;4757.0;1578.0;442.0;137.0;119.0;1802.0;763.0;348.0
77136a87d44ec2893d61a112323b1755;8773.0;888.0;8263.0;7441.0;3965.0;2982.0;87.0;785.0;2427.0;2564.0;823.0;502.0;35.0;2523.0;850.0;179.0;93.0;67.0;877.0;526.0;278.0
f88d834891fa38769db6e926826559f2;5381.0;2036.0;9213.0;6600.0;6153.0;6593.0;53.0;790.0;5357.0;2849.0;1232.0;412.0;37.0;6212.0;1309.0;357.0;148.0;96.0;2530.0;1602.0;1476.0
e8578c6acfd1a960ead8bec0e61eecfe;4.0;21.0;23.0;19.0;5.0;70.0;0.0;0.0;6.0;46.0;13.0;0.0;0.0;37.0;9.0;2.0;0.0;0.0;20.0;9.0;3.0
87333d21837f349c191cf5bab4c6d8b9;43.0;142.0;75.0;66.0;137.0;399.0;5.0;43.0;203.0;535.0;80.0;70.0;4.0;486.0;375.0;199.0;47.0;108.0;891.0;931.0;641.0
c1443812053342169d65e953941090b9;78.0;13.0;120.0;66.0;75.0;62.0;0.0;13.0;141.0;84.0;7.0;9.0;1.0;78.0;60.0;19.0;4.0;14.0;68.0;53.0;15.0
efdab95c5f03273fb02a2e01cc6eb888;25722.0;11864.0;52199.0;59032.0;37692.0;38807.0;223.0;4160.0;36250.0;39796.0;12197.0;2546.0;86.0;42405.0;17837.0;6610.0;1040.0;1641.0;30642.0;17339.0;12369.0
a13dc97d8a3932c23ad86aea96ecf4bc;707.0;331.0;1783.0;733.0;825.0;839.0;6.0;122.0;473.0;447.0;219.0;74.0;3.0;269.0;145.0;66.0;27.0;15.0;143.0;62.0;10.0
38b579a3e45a0cdeb28f60ca6f974ef9;1694.0;5823.0;4700.0;3682.0;4465.0;12276.0;5.0;310.0;2245.0;11898.0;1617.0;111.0;26.0;9568.0;2215.0;2062.0;86.0;248.0;5540.0;3402.0;2240.0
3b98bcf63abb5eff88da7629ed826f60;1607.0;1264.0;3917.0;2707.0;4551.0;4236.0;59.0;1113.0;2890.0;4766.0;1234.0;704.0;91.0;3597.0;2200.0;803.0;504.0;451.0;2773.0;1380.0;512.0
fa25736bac501f8dc851c59ae3709e98;53604.0;45796.0;119231.0;62377.0;44139.0;69688.0;371.0;6302.0;28254.0;29999.0;12919.0;2907.0;133.0;23605.0;10787.0;2384.0;1057.0;1147.0;12822.0;6386.0;2902.0
c8eadb31b941761a42e561bfe936c027;69657.0;397502.0;287158.0;77840.0;129254.0;328542.0;205.0;9009.0;42377.0;128228.0;24964.0;2671.0;136.0;55122.0;19110.0;10016.0;820.0;808.0;19190.0;5852.0;2448.0
bdd585111ed8370df3f7c5289ac25781;284.0;230.0;545.0;212.0;284.0;389.0;2.0;52.0;77.0;159.0;56.0;39.0;1.0;47.0;38.0;5.0;6.0;0.0;22.0;3.0;1.0
024e776736f6933a2bc7b387d23e2877;10560.0;1378.0;12431.0;14246.0;13082.0;7354.0;436.0;4756.0;13373.0;15361.0;3266.0;4201.0;446.0;10816.0;11750.0;3151.0;2827.0;2833.0;14438.0;8788.0;3103.0
1a119e221842af3a39b25d6bb6f54304;5837.0;9125.0;15085.0;9596.0;8388.0;17461.0;163.0;3144.0;8272.0;13054.0;3448.0;1825.0;147.0;8017.0;5565.0;1764.0;925.0;835.0;5935.0;2468.0;1074.0
9e4dd95bb28e9537498a65cb13a62f76;24241.0;3745.0;30647.0;21506.0;20921.0;13276.0;939.0;6699.0;13959.0;12829.0;3804.0;4214.0;272.0;8972.0;6810.0;1286.0;1626.0;947.0;6251.0;3632.0;2267.0
c304ee56cb3a0392218013d9c7c8c1c9;251.0;935.0;1097.0;208.0;49.0;750.0;0.0;0.0;103.0;83.0;43.0;0.0;0.0;54.0;14.0;2.0;0.0;0.0;14.0;6.0;1.0
1f59ea153c6364a813576cc780813ecf;163.0;54.0;362.0;187.0;123.0;121.0;0.0;20.0;79.0;114.0;21.0;12.0;0.0;36.0;27.0;14.0;1.0;2.0;21.0;9.0;0.0
9ee571c89a15fb2be16e4e179efddd2e;16971.0;6872.0;33538.0;16586.0;15180.0;15712.0;92.0;2556.0;7441.0;9428.0;2749.0;900.0;163.0;6227.0;2649.0;711.0;452.0;315.0;2876.0;1236.0;467.0
f422a7a5b41ff7fd66acd480900f0e79;894.0;3543.0;5349.0;2163.0;1055.0;6108.0;3.0;62.0;888.0;1535.0;894.0;14.0;1.0;1007.0;260.0;187.0;3.0;3.0;293.0;66.0;61.0
460dafd120c775d85f15e74ce804a549;21.0;6.0;61.0;71.0;50.0;74.0;0.0;8.0;40.0;35.0;41.0;7.0;0.0;81.0;9.0;0.0;1.0;0.0;15.0;9.0;7.0
a6dbaa5345feaabced5494b036c6a4ea;18538.0;3296.0;23958.0;13867.0;14411.0;9081.0;220.0;2248.0;7338.0;9538.0;1824.0;1195.0;50.0;5045.0;3636.0;997.0;353.0;379.0;3208.0;1293.0;340.0
5c84bd62a22cd73a740d7b8f8183654f;196.0;84.0;550.0;512.0;140.0;301.0;0.0;5.0;50.0;216.0;55.0;6.0;0.0;130.0;50.0;50.0;1.0;2.0;118.0;30.0;18.0
3ab71ef009d6ae56e16bd91c069ff93d;95301.0;19695.0;137150.0;55686.0;60657.0;37799.0;3876.0;37681.0;31231.0;35649.0;6519.0;15135.0;2714.0;8446.0;14334.0;3785.0;4858.0;2439.0;5988.0;1784.0;174.0
786d98337e5a70693647bb22e7626c4a;68550.0;70507.0;191809.0;94269.0;83316.0;131498.0;532.0;13459.0;53810.0;67908.0;27121.0;5675.0;609.0;47420.0;22633.0;6339.0;2509.0;2552.0;23307.0;10011.0;3980.0
23889087901351300b4733f387ca2872;4453.0;2008.0;7791.0;2805.0;1508.0;1869.0;32.0;624.0;1008.0;973.0;214.0;154.0;20.0;500.0;360.0;104.0;73.0;42.0;399.0;197.0;72.0
8e0afae1ee55ff3f76b2a65b298114f5;8893.0;7318.0;28610.0;17623.0;15165.0;23752.0;26.0;1136.0;12633.0;14694.0;7262.0;455.0;21.0;15417.0;5049.0;2323.0;200.0;569.0;9042.0;5178.0;2717.0
2098c99eded24475a174a3cf8c160d02;1747.0;1276.0;2908.0;1355.0;897.0;1792.0;6.0;129.0;720.0;1581.0;178.0;67.0;5.0;934.0;690.0;379.0;46.0;96.0;1286.0;807.0;349.0
177ee84878e2048f1ad976f5095896fc;8464.0;87291.0;40692.0;15704.0;10837.0;92458.0;16.0;1106.0;8707.0;20620.0;8408.0;305.0;10.0;13113.0;3373.0;956.0;124.0;157.0;3407.0;1618.0;1027.0
3ac8c21df770e2ec859d8646332534c5;79.0;11.0;68.0;76.0;18.0;25.0;4.0;21.0;48.0;12.0;11.0;11.0;1.0;18.0;13.0;0.0;0.0;2.0;11.0;8.0;7.0
dd91033e9b091bb01ecd03c28d593fea;40617.0;80964.0;114767.0;65476.0;70367.0;134112.0;662.0;12463.0;65845.0;97474.0;17385.0;7743.0;462.0;82835.0;41585.0;12232.0;4477.0;6959.0;57900.0;37457.0;20449.0
3d59913ee614f9d8ae49af2bf33739c3;2814.0;1931.0;6137.0;2604.0;2678.0;3202.0;20.0;335.0;1087.0;1819.0;368.0;156.0;6.0;1016.0;439.0;121.0;34.0;30.0;412.0;150.0;50.0
3872db15a178c4e60a4146d8ae201c3f;3673.0;1939.0;6188.0;3895.0;3672.0;5191.0;99.0;498.0;1966.0;3816.0;1373.0;279.0;70.0;1915.0;1268.0;504.0;108.0;87.0;1082.0;364.0;108.0
cc3cb76ef8b91c5af7f35e32537dff0e;124.0;496.0;782.0;479.0;509.0;1774.0;0.0;19.0;360.0;1224.0;478.0;6.0;0.0;720.0;453.0;337.0;2.0;9.0;764.0;228.0;92.0
06ee3360d53e25f80af9c6581d6be868;3773.0;6916.0;9835.0;5327.0;6852.0;13223.0;108.0;2424.0;5066.0;13270.0;2144.0;1418.0;432.0;5904.0;4720.0;2671.0;1058.0;1027.0;5628.0;2902.0;760.0
38ee835090a4c7b359f431bef9afcb0a;98.0;8.0;107.0;127.0;89.0;50.0;0.0;27.0;97.0;92.0;10.0;24.0;1.0;93.0;39.0;7.0;6.0;6.0;63.0;39.0;13.0
cd8cffc23b4adde2116dac120f0058a2;2601.0;425.0;4069.0;3498.0;2538.0;2025.0;30.0;510.0;2469.0;3204.0;778.0;297.0;29.0;2369.0;2042.0;766.0;141.0;345.0;3058.0;1960.0;720.0
a12939edf7ada9feb391c2ff73fb7b6a;1723.0;6582.0;6260.0;2022.0;3364.0;9509.0;13.0;550.0;1383.0;5448.0;1052.0;207.0;26.0;1650.0;1243.0;760.0;92.0;53.0;1185.0;334.0;61.0
2dcfa1eaacbf7a225919b8fb74b88370;511.0;145.0;1167.0;663.0;322.0;389.0;0.0;24.0;234.0;186.0;63.0;17.0;0.0;121.0;55.0;7.0;8.0;2.0;45.0;8.0;21.0
991bc4021df03cc7634915fd762301a9;144.0;30.0;175.0;143.0;228.0;114.0;3.0;60.0;216.0;276.0;12.0;28.0;7.0;202.0;184.0;58.0;35.0;59.0;201.0;165.0;38.0
976998695d6b234a42764911d1f3c1b7;26715.0;9872.0;51978.0;24650.0;26964.0;21936.0;483.0;4351.0;13732.0;16660.0;4834.0;2161.0;123.0;7909.0;6680.0;1541.0;558.0;512.0;4757.0;1646.0;422.0
bb462f7ddaa23e24ab9dccd5899ad9e6;411.0;4462.0;3117.0;913.0;1898.0;5321.0;0.0;46.0;814.0;3357.0;478.0;15.0;0.0;1409.0;512.0;999.0;1.0;10.0;1127.0;317.0;114.0
497eae145339c26935efac1283f054e3;3956.0;2744.0;9979.0;7305.0;10933.0;10235.0;180.0;4255.0;12004.0;18044.0;2889.0;3028.0;916.0;15087.0;11540.0;4633.0;2893.0;3510.0;17658.0;16059.0;11437.0
3d7fccdfac5f6473ee4cd8ee30bbdf9c;750.0;473.0;2113.0;1149.0;572.0;671.0;0.0;117.0;391.0;339.0;90.0;52.0;0.0;171.0;115.0;49.0;11.0;6.0;80.0;15.0;16.0
5d63dd7bba7a64edd2f2717d13b0950d;0.0;0.0;2.0;2.0;0.0;1.0;0.0;0.0;0.0;0.0;1.0;0.0;0.0;1.0;2.0;0.0;0.0;0.0;1.0;0.0;0.0
d9f937dd9cae8b0fb674c4d2dcab0cc8;2323.0;1554.0;4519.0;3195.0;2329.0;4773.0;12.0;366.0;1721.0;2839.0;1310.0;198.0;6.0;1793.0;976.0;181.0;66.0;78.0;843.0;350.0;114.0
2b76e0c08e81beca0e4a0cefdc8c03af;70681.0;55849.0;120874.0;55901.0;34556.0;56289.0;927.0;10373.0;18727.0;27069.0;5652.0;4304.0;386.0;15703.0;8363.0;2522.0;1553.0;1334.0;7641.0;3885.0;1538.0
d20ff70730a8626d91e313d285ea5491;19870.0;106286.0;76042.0;30571.0;21132.0;167757.0;78.0;1422.0;8200.0;28924.0;21719.0;380.0;53.0;26459.0;3767.0;1156.0;200.0;255.0;4614.0;2225.0;1476.0
13a7d5a5eef5871df7dd35aa05f246b7;3687.0;2034.0;7549.0;5295.0;6223.0;10511.0;117.0;2497.0;7185.0;9103.0;2733.0;1676.0;252.0;16346.0;4338.0;1343.0;1379.0;1343.0;7008.0;7749.0;11382.0
6b9ade13ed96238fe65c855b23d9f6fb;1102.0;422.0;1678.0;1449.0;1533.0;1672.0;43.0;546.0;1462.0;2987.0;377.0;421.0;44.0;1699.0;1683.0;715.0;295.0;408.0;2441.0;1457.0;445.0
e9a201db27289dd2591d59376fdc6147;1242.0;593.0;2593.0;957.0;754.0;1010.0;9.0;104.0;363.0;578.0;164.0;45.0;1.0;145.0;136.0;63.0;15.0;5.0;79.0;18.0;1.0
c02f4c7e0be2be4df54ea711715646a4;56524.0;21793.0;101223.0;49656.0;54632.0;45152.0;1171.0;8764.0;28691.0;34442.0;8720.0;4236.0;202.0;16873.0;12692.0;3373.0;1202.0;991.0;10128.0;3296.0;896.0
695efd4a32253e11f4f5a1b4112b8df7;3473.0;11635.0;17431.0;5142.0;3744.0;11544.0;36.0;1041.0;1581.0;3683.0;1160.0;248.0;25.0;2157.0;564.0;210.0;81.0;105.0;518.0;364.0;119.0
c9ad501cbe226d7cfe8a71c3cafbf7f5;5.0;1.0;4.0;8.0;1.0;0.0;0.0;3.0;0.0;1.0;0.0;0.0;0.0;8.0;0.0;0.0;0.0;0.0;6.0;0.0;6.0
e04bd14a3e0988079b23de3894ca8f99;59.0;586.0;541.0;162.0;254.0;1054.0;0.0;53.0;254.0;394.0;155.0;16.0;0.0;275.0;83.0;29.0;6.0;21.0;98.0;65.0;19.0
ad78252e88b7306be7924cd8965f037e;65163.0;183797.0;210400.0;61918.0;57142.0;150352.0;704.0;12085.0;26761.0;36595.0;13009.0;3778.0;269.0;25045.0;7093.0;2096.0;1004.0;609.0;6998.0;3945.0;2525.0
c01c3d919b211dadf70381e9839211a8;1076.0;205.0;1597.0;664.0;549.0;454.0;9.0;280.0;307.0;316.0;90.0;69.0;12.0;66.0;120.0;29.0;33.0;14.0;47.0;14.0;0.0
eebe97b9e35e6b704c10c42b5828c2b7;327.0;83.0;111.0;1002.0;250.0;504.0;0.0;1.0;529.0;588.0;980.0;8.0;0.0;1525.0;310.0;30.0;1.0;0.0;642.0;514.0;571.0
7530c23c4d7bc34bcb138a8d18291e6e;1331.0;1142.0;4229.0;1275.0;693.0;875.0;1.0;70.0;498.0;516.0;59.0;18.0;5.0;304.0;115.0;122.0;32.0;87.0;274.0;398.0;231.0
8aeb66b045017c4bda91872a1fd7b6a9;1940.0;14731.0;12319.0;4431.0;3321.0;17232.0;17.0;434.0;1544.0;6296.0;1528.0;160.0;6.0;2634.0;1078.0;498.0;31.0;31.0;1104.0;372.0;145.0
baf40eaecda384739587e9a39371f09a;42.0;39.0;243.0;235.0;50.0;138.0;0.0;32.0;149.0;100.0;38.0;39.0;2.0;63.0;64.0;19.0;10.0;13.0;56.0;29.0;9.0
96209c512dc6f6f2488a8284816d69e9;84.0;86.0;210.0;27.0;9.0;59.0;1.0;0.0;6.0;10.0;0.0;0.0;0.0;6.0;4.0;1.0;0.0;0.0;0.0;0.0;0.0
c7d4262287d91506c5bc5ab84b8c0f1e;41244.0;11954.0;62240.0;23746.0;19848.0;20975.0;435.0;4765.0;8405.0;9570.0;3209.0;1563.0;153.0;4411.0;2535.0;605.0;394.0;231.0;1535.0;694.0;288.0
bb8c34f8338984f8967c53446b66dbe6;16109.0;8463.0;24150.0;16522.0;16928.0;20445.0;413.0;6541.0;15813.0;34976.0;2805.0;3950.0;994.0;21410.0;14979.0;10026.0;3228.0;5092.0;25647.0;19588.0;7374.0
f6f607a463f2ca7e3a5224d276db8173;2802.0;260.0;3201.0;3445.0;1762.0;1029.0;8.0;283.0;1414.0;1562.0;212.0;204.0;13.0;1139.0;825.0;229.0;97.0;129.0;978.0;587.0;186.0
6e495bbc66ac136cae34dfe6dddc603a;1715.0;2564.0;4840.0;3227.0;3246.0;6279.0;9.0;375.0;1505.0;5140.0;1375.0;185.0;31.0;3371.0;1073.0;479.0;157.0;221.0;1615.0;916.0;364.0
39bad315ecdea4d355409ba5ef3c43d6;4306.0;9276.0;16058.0;8149.0;7966.0;17349.0;32.0;603.0;4384.0;8112.0;2822.0;381.0;64.0;8186.0;1807.0;916.0;224.0;213.0;3138.0;1643.0;1309.0
e0c1b95d63cef924930e54654d9bd559;5465.0;4355.0;12389.0;4988.0;3220.0;5848.0;84.0;635.0;1564.0;2420.0;851.0;405.0;24.0;1572.0;840.0;170.0;139.0;77.0;636.0;302.0;277.0
d59682e633ae7e7f3bfe7c8714d5847c;29362.0;4583.0;33896.0;28903.0;15229.0;10670.0;724.0;5498.0;11050.0;9356.0;3093.0;3664.0;264.0;7510.0;4747.0;771.0;1407.0;726.0;4272.0;1671.0;744.0
ebdaf2b320e370fb40439d02591f111c;475.0;30.0;493.0;252.0;353.0;132.0;9.0;66.0;151.0;180.0;24.0;26.0;0.0;81.0;48.0;9.0;6.0;7.0;43.0;12.0;4.0
c82ba49ef8622afb6fd155124c30d112;29345.0;11388.0;52482.0;43083.0;36261.0;32007.0;404.0;8957.0;40228.0;31701.0;9484.0;5280.0;575.0;33764.0;21232.0;4101.0;3538.0;4479.0;28749.0;20490.0;10666.0
075a218d18204df4d20bc637d83af201;207.0;2656.0;1358.0;244.0;377.0;2646.0;6.0;89.0;102.0;416.0;212.0;24.0;4.0;222.0;71.0;17.0;15.0;11.0;83.0;36.0;15.0
b64791c287d8d04c2d9a12df788d3caa;136376.0;31262.0;214763.0;151830.0;129181.0;93241.0;4244.0;36538.0;99167.0;91207.0;26738.0;25669.0;1815.0;59149.0;55073.0;9991.0;10851.0;8619.0;46890.0;21203.0;6047.0
83fc36cb34ab1bc8f7919201b0d20004;300485.0;112365.0;502009.0;262891.0;309073.0;257237.0;11172.0;111165.0;187525.0;250764.0;55742.0;65265.0;7651.0;101794.0;122168.0;29420.0;27133.0;20098.0;82464.0;30110.0;5750.0
7ad536eb8eae8dd10bf5f98981021f96;13014.0;11867.0;30811.0;8533.0;13265.0;15436.0;145.0;3635.0;5050.0;9734.0;1830.0;1199.0;242.0;2962.0;2410.0;806.0;468.0;297.0;1440.0;431.0;65.0
5101306c423f511ac248959293daa629;3297.0;2854.0;12779.0;5095.0;2427.0;5057.0;16.0;795.0;1696.0;2048.0;789.0;179.0;26.0;1608.0;354.0;548.0;77.0;29.0;645.0;159.0;176.0
63e0ecdfb0aeed1921d8d7315dad4c06;21.0;22.0;61.0;90.0;159.0;216.0;0.0;10.0;287.0;694.0;95.0;12.0;0.0;1107.0;598.0;248.0;9.0;48.0;2142.0;2206.0;2346.0
03755c7782b47930a88db035e8e4dcb8;448.0;127.0;885.0;676.0;737.0;587.0;10.0;60.0;552.0;645.0;164.0;55.0;0.0;510.0;368.0;59.0;8.0;20.0;417.0;192.0;75.0
bb22af1a70d320717d7b314c3cdd731a;2452.0;22080.0;13690.0;3902.0;4148.0;25095.0;16.0;1174.0;3039.0;6739.0;2675.0;196.0;20.0;4299.0;944.0;306.0;147.0;188.0;1145.0;802.0;426.0
2f568a15d96629ea4b7e27275b1233d7;1344.0;4669.0;9653.0;4064.0;6346.0;12408.0;18.0;760.0;3124.0;5962.0;2755.0;256.0;64.0;4350.0;1488.0;674.0;198.0;251.0;1689.0;885.0;436.0
a332f6921a91aaf8d6e20b28ae84b4d4;38990.0;16292.0;73278.0;63152.0;27481.0;41438.0;348.0;6598.0;25550.0;35603.0;9201.0;4431.0;484.0;28451.0;16974.0;4785.0;2600.0;2589.0;22157.0;13040.0;6572.0
06d2c4bd238bc14a6d105959713ac2ba;21.0;15.0;62.0;14.0;29.0;21.0;0.0;15.0;22.0;30.0;3.0;4.0;1.0;0.0;12.0;6.0;3.0;8.0;0.0;0.0;0.0
58cd6d689bcbd45c612df0aff64d8cc3;10.0;13.0;34.0;20.0;34.0;52.0;0.0;0.0;17.0;68.0;0.0;0.0;0.0;66.0;17.0;8.0;0.0;0.0;40.0;23.0;12.0
9a212cec4e501359342d4528788bd7bc;248.0;167.0;545.0;250.0;144.0;388.0;2.0;36.0;95.0;205.0;64.0;13.0;0.0;71.0;58.0;27.0;3.0;3.0;46.0;7.0;3.0
3b8eaf39115dad98d7b45284c4c372d9;778.0;1537.0;2818.0;2776.0;3066.0;5885.0;1.0;162.0;1920.0;6804.0;1224.0;143.0;1.0;8648.0;1924.0;1226.0;70.0;82.0;5965.0;3659.0;3466.0
07ff94a158cc9eed7cab7ba133eebfc9;4325.0;6104.0;8662.0;4061.0;4443.0;6087.0;104.0;649.0;2430.0;3967.0;877.0;381.0;13.0;1260.0;1441.0;775.0;75.0;101.0;989.0;265.0;46.0
4766b92f72d2f93f22c43d79b2928c2d;7365.0;19466.0;34102.0;12933.0;8789.0;36863.0;91.0;1723.0;8396.0;11660.0;5775.0;1161.0;131.0;14475.0;5345.0;1586.0;1148.0;2102.0;9772.0;8999.0;4209.0
98ab98c56a8c1ccc5cc43eb16d31d020;33.0;187.0;106.0;25.0;23.0;156.0;0.0;6.0;27.0;167.0;1.0;0.0;0.0;27.0;21.0;91.0;1.0;0.0;59.0;25.0;3.0
7404fba21220bacacc5f467da6148fde;744.0;432.0;1225.0;470.0;230.0;680.0;6.0;37.0;309.0;267.0;72.0;35.0;0.0;253.0;107.0;20.0;6.0;9.0;88.0;54.0;24.0
78cac207a36f3ab857310579d14b610e;3128.0;1818.0;6457.0;3886.0;5066.0;5316.0;46.0;1500.0;4106.0;5371.0;1086.0;750.0;95.0;3523.0;2504.0;547.0;476.0;558.0;2503.0;1343.0;391.0
1ecc7532ee9763c1aa09517cd985d7a9;28.0;1.0;35.0;60.0;6.0;10.0;0.0;6.0;1.0;10.0;0.0;5.0;0.0;21.0;0.0;0.0;1.0;0.0;0.0;4.0;2.0
088f2aebd96abf18db1c8ad931d1d6a3;316.0;155.0;410.0;457.0;369.0;431.0;39.0;120.0;459.0;298.0;121.0;159.0;13.0;263.0;275.0;35.0;63.0;46.0;204.0;97.0;20.0
15f1ee54e139fb75ff43c8c574be483f;21537.0;2781.0;24714.0;12272.0;10352.0;6048.0;457.0;3645.0;5380.0;4873.0;1501.0;1685.0;143.0;1881.0;2145.0;486.0;459.0;265.0;1112.0;338.0;47.0
208a41b7263ff51cf6adc7cfa83ec99a;20065.0;3161.0;25859.0;17258.0;19891.0;11577.0;392.0;5222.0;14165.0;14488.0;3175.0;2856.0;200.0;9168.0;7276.0;1398.0;1255.0;1269.0;6405.0;3066.0;898.0
3eac7cb047838af0eb36456110b3b6ef;1915.0;640.0;3207.0;2422.0;2215.0;2486.0;37.0;476.0;1397.0;2420.0;696.0;303.0;26.0;1250.0;1106.0;336.0;100.0;125.0;1010.0;377.0;104.0
a253bffb93abb9482ed1c516ba1160c0;88.0;0.0;89.0;118.0;38.0;19.0;4.0;0.0;5.0;3.0;7.0;0.0;0.0;19.0;0.0;0.0;0.0;0.0;3.0;0.0;1.0
4f5da84cb49e262af9f061bdd01c35f5;819.0;11756.0;7355.0;1487.0;949.0;10093.0;21.0;61.0;470.0;1517.0;814.0;38.0;0.0;1319.0;287.0;80.0;3.0;9.0;316.0;107.0;72.0
4b86f5771e648bfe6c24d2ae9cf21b72;13558.0;991.0;13406.0;6154.0;4999.0;2371.0;278.0;1857.0;2496.0;2463.0;483.0;817.0;60.0;871.0;1050.0;199.0;239.0;174.0;570.0;207.0;30.0
8df1b5c1f1e1d38c9c12302991576968;2184.0;257.0;2424.0;3505.0;1913.0;1121.0;44.0;391.0;1850.0;1355.0;567.0;356.0;11.0;1067.0;941.0;148.0;94.0;105.0;799.0;333.0;99.0
9b92e2fce6dca4e0611a3576af1eb2a7;1402.0;311.0;1209.0;1353.0;801.0;936.0;0.0;193.0;485.0;793.0;317.0;78.0;10.0;399.0;275.0;112.0;38.0;19.0;274.0;68.0;19.0
ee461b857ce765364f1705e8838dcecd;89.0;55.0;330.0;77.0;207.0;129.0;0.0;24.0;104.0;81.0;10.0;9.0;0.0;73.0;19.0;1.0;4.0;4.0;18.0;12.0;2.0
6339f00fc3adab6163fecec70f26a0f2;67690.0;176031.0;162901.0;52725.0;78723.0;240064.0;2673.0;34070.0;35532.0;157919.0;25002.0;14700.0;3080.0;40171.0;40586.0;21996.0;5656.0;4928.0;31830.0;10312.0;1930.0
44f03a9b999501256c0aa5894fa240da;212926.0;937025.0;651783.0;252295.0;271278.0;1003050.0;4525.0;53352.0;132102.0;432012.0;108067.0;27494.0;1957.0;169163.0;92414.0;38753.0;8567.0;7656.0;81972.0;29552.0;9044.0
7b116aa5bf42fe756d43e78e78708d01;450.0;153.0;698.0;309.0;306.0;278.0;10.0;173.0;126.0;257.0;94.0;62.0;9.0;70.0;37.0;18.0;21.0;6.0;21.0;12.0;0.0
40ba5cd058addf7d27c0eb121d0478d3;15.0;4.0;82.0;25.0;64.0;51.0;0.0;0.0;51.0;52.0;11.0;0.0;0.0;29.0;39.0;11.0;0.0;0.0;28.0;11.0;1.0
393c80210d664d0110c0b6c20b52c4f7;558.0;571.0;2079.0;910.0;811.0;924.0;11.0;118.0;646.0;672.0;143.0;49.0;7.0;285.0;325.0;141.0;19.0;39.0;343.0;146.0;34.0
622a395ffedd0994459523e81a7b7f5c;1122.0;193.0;1547.0;1644.0;810.0;746.0;16.0;104.0;668.0;772.0;269.0;70.0;0.0;580.0;373.0;74.0;14.0;16.0;375.0;157.0;118.0
0f13af77226db887c73f17e322f2cde5;1829.0;332.0;2878.0;2347.0;615.0;695.0;4.0;71.0;892.0;569.0;144.0;54.0;1.0;782.0;314.0;106.0;47.0;90.0;736.0;552.0;447.0
a1716096b698eaf6418df7dec608686b;4.0;44.0;23.0;6.0;6.0;89.0;0.0;2.0;2.0;50.0;19.0;0.0;0.0;0.0;5.0;2.0;0.0;1.0;0.0;0.0;0.0
e336bc3e0f1865f809104de8085416d5;334.0;6.0;177.0;214.0;101.0;29.0;2.0;14.0;95.0;41.0;11.0;6.0;0.0;31.0;21.0;11.0;1.0;2.0;23.0;6.0;1.0
c9f9b908fc92e93d9c53190a778a54a6;1668.0;1597.0;4096.0;1226.0;1860.0;1886.0;10.0;595.0;1219.0;1312.0;142.0;155.0;18.0;598.0;450.0;106.0;120.0;152.0;342.0;183.0;26.0
27409f605b02edadf3fac013d6da2f3d;24540.0;5026.0;27446.0;16636.0;13269.0;11437.0;566.0;4737.0;6662.0;9244.0;2670.0;2576.0;262.0;3324.0;3813.0;1038.0;825.0;610.0;2887.0;2024.0;1124.0
55c2b3bb0131e603cf9c623bb6c2b289;233.0;16.0;350.0;653.0;366.0;164.0;0.0;30.0;509.0;355.0;263.0;17.0;0.0;673.0;311.0;24.0;10.0;26.0;488.0;308.0;261.0
c3ac140e56a86fe63f9156970c120cbe;48980.0;78233.0;158769.0;58554.0;174800.0;182000.0;2030.0;42851.0;115779.0;275439.0;20767.0;28605.0;4147.0;138684.0;125159.0;55836.0;19625.0;24929.0;167754.0;92544.0;32189.0
1059c59c76e1e72e892a3ac1985fc4d2;505.0;89.0;613.0;405.0;422.0;276.0;40.0;233.0;289.0;377.0;70.0;177.0;21.0;180.0;154.0;72.0;73.0;19.0;138.0;61.0;11.0
5d1d8046a29d1e42405dc3decd457217;3690215.0;805776.0;5260451.0;4865542.0;5325854.0;3646986.0;173651.0;1975914.0;5300634.0;6382889.0;1315754.0;1622697.0;194766.0;4400608.0;4569962.0;1178195.0;1009006.0;1083458.0;5151757.0;3063935.0;1049578.0
6c9fcf203cb8457ed710c2aa79ccdf6d;2.0;354.0;439.0;140.0;0.0;261.0;0.0;46.0;0.0;74.0;10.0;1.0;3.0;15.0;8.0;4.0;6.0;1.0;11.0;4.0;6.0
16fc27953fa4a81ad4e77c460d22dfa4;7168.0;7005.0;17233.0;7077.0;9146.0;13153.0;52.0;2852.0;4152.0;7965.0;2850.0;875.0;268.0;3287.0;1926.0;544.0;691.0;345.0;1264.0;444.0;107.0
c1ed20c9f9a221b5edc4e66e6d59e625;53.0;21.0;84.0;51.0;55.0;40.0;0.0;25.0;57.0;51.0;10.0;6.0;0.0;28.0;23.0;4.0;3.0;5.0;32.0;13.0;7.0
24960dfd6c22baa5b43d5700e2b48447;22197.0;57716.0;73360.0;23428.0;42989.0;82663.0;525.0;15932.0;23844.0;98943.0;8336.0;6531.0;1781.0;30633.0;30345.0;24805.0;4011.0;5854.0;36399.0;18757.0;4455.0
d1a903d6c536af55545afcc6d2544cd4;4580.0;3466.0;13316.0;13038.0;6368.0;13504.0;1.0;478.0;5534.0;8087.0;4455.0;399.0;2.0;9106.0;3117.0;1191.0;77.0;178.0;5306.0;2519.0;1560.0
3d7948b8cf0066a8beab4ced3adca36b;52972.0;42384.0;128937.0;41349.0;66423.0;71222.0;1116.0;13195.0;28346.0;50214.0;9040.0;5528.0;374.0;18304.0;14735.0;5203.0;1565.0;1092.0;10970.0;3358.0;836.0
863c123e342b76a1f7d4eee0b77c1b5d;33.0;17.0;189.0;132.0;294.0;152.0;0.0;0.0;247.0;206.0;75.0;0.0;0.0;545.0;39.0;43.0;0.0;0.0;233.0;190.0;216.0
767c52a2c2982a3aecdeae7e3880cf4a;95690.0;64660.0;158567.0;110351.0;142005.0;125077.0;7290.0;70827.0;142697.0;195443.0;32333.0;65334.0;10163.0;104300.0;156674.0;39648.0;45894.0;48000.0;155467.0;91488.0;24530.0
a822c73de605849fd9065658891a4801;493.0;307.0;1106.0;366.0;671.0;557.0;13.0;244.0;376.0;431.0;52.0;106.0;10.0;240.0;159.0;41.0;43.0;25.0;110.0;41.0;12.0
1c71697788b07cb923d3db9b50b5b425;110176.0;15060.0;133510.0;86894.0;69470.0;43027.0;2241.0;18738.0;40223.0;38640.0;11678.0;8930.0;584.0;23038.0;14742.0;4112.0;2652.0;1271.0;12917.0;4317.0;1577.0
5e1c5440dc6a500f51d67778964626d9;28.0;4.0;110.0;126.0;46.0;26.0;0.0;0.0;24.0;18.0;30.0;0.0;0.0;41.0;7.0;1.0;0.0;0.0;1.0;0.0;7.0
858f596f5495f2caa6e3f221a441eac9;550.0;196.0;1522.0;1401.0;751.0;1658.0;0.0;20.0;1114.0;371.0;686.0;3.0;1.0;1069.0;130.0;84.0;6.0;22.0;394.0;412.0;274.0
c9fd96fbf7a567392c9571f4878b6977;9038.0;6398.0;25152.0;10068.0;8638.0;9563.0;32.0;714.0;4304.0;5308.0;1461.0;229.0;20.0;2559.0;1483.0;556.0;114.0;127.0;1574.0;736.0;266.0
799d97c263a853cca32658a25ff918ec;25616.0;14203.0;43797.0;27041.0;35801.0;40980.0;1194.0;13071.0;25142.0;44843.0;9219.0;8921.0;1201.0;20975.0;22916.0;6664.0;4324.0;3558.0;20455.0;8403.0;2169.0
0be62abe8a0beb02c92b73fb02a025b8;2164.0;1147.0;5056.0;1708.0;1003.0;1723.0;11.0;305.0;542.0;767.0;210.0;104.0;16.0;251.0;181.0;59.0;37.0;40.0;135.0;42.0;7.0
0b3d2e15eef29ab1266cb0ebbda1f793;1602.0;410.0;2586.0;1065.0;722.0;431.0;24.0;309.0;533.0;366.0;81.0;139.0;16.0;189.0;234.0;29.0;71.0;39.0;181.0;64.0;18.0
db20ba2ae505371d92b81eb97f430683;2.0;0.0;4.0;19.0;11.0;0.0;0.0;0.0;14.0;0.0;10.0;0.0;0.0;12.0;0.0;1.0;0.0;0.0;27.0;6.0;7.0
f5b7e70c93abc8e9e4159a82a9a6ddc1;973.0;7791.0;5909.0;1623.0;2101.0;8867.0;40.0;1884.0;2189.0;3165.0;843.0;524.0;176.0;1747.0;1105.0;257.0;481.0;327.0;1005.0;496.0;108.0
bf39541b7ad854fc1d6f46ea6a9c4b34;84.0;3.0;87.0;115.0;88.0;32.0;0.0;5.0;50.0;43.0;29.0;4.0;0.0;34.0;24.0;6.0;0.0;1.0;23.0;5.0;2.0
98eb4b804ddc8d046216de15a8c0ece9;105.0;26.0;139.0;682.0;200.0;239.0;0.0;60.0;201.0;646.0;203.0;44.0;0.0;1298.0;228.0;144.0;49.0;14.0;960.0;870.0;994.0
1f88cfc5dd9190505785d0459ac4722c;10640.0;9336.0;26415.0;8602.0;10119.0;12019.0;233.0;3166.0;5416.0;7123.0;1205.0;1254.0;169.0;2791.0;2168.0;569.0;525.0;259.0;1495.0;479.0;107.0
21f27de0a887f855d207dd089d452c35;96168.0;389856.0;403708.0;133879.0;203217.0;475604.0;598.0;10562.0;82631.0;264572.0;45913.0;5409.0;302.0;122388.0;52755.0;37604.0;1549.0;2486.0;73360.0;30241.0;11447.0
705efbb9a86c30761b633320f7052b88;9930.0;36943.0;48944.0;10776.0;18483.0;38617.0;123.0;11583.0;11796.0;24832.0;2685.0;2826.0;2207.0;11799.0;6447.0;3373.0;1993.0;1442.0;7267.0;3644.0;1038.0
6a1bbe1eff82b9043a1279499ae01e58;6119.0;226039.0;76313.0;6480.0;14193.0;59110.0;0.0;1236.0;3795.0;15003.0;1247.0;156.0;9.0;2730.0;1359.0;1880.0;38.0;52.0;1117.0;277.0;28.0
3cf141dc2eef48c26b508587acf4d16c;12278.0;6659.0;24928.0;14836.0;17981.0;18495.0;234.0;2932.0;11642.0;19078.0;4664.0;1838.0;67.0;9657.0;8593.0;3033.0;572.0;741.0;8511.0;3551.0;1021.0
a4cea78199d3cf78f2c85bf77a916ca6;0.0;1.0;11.0;0.0;50.0;30.0;0.0;15.0;55.0;139.0;0.0;6.0;7.0;224.0;103.0;50.0;47.0;77.0;349.0;407.0;312.0
052a9ea5a3f39750805ef52032d53cb5;18.0;338.0;785.0;489.0;124.0;749.0;1.0;14.0;42.0;501.0;48.0;22.0;0.0;572.0;104.0;44.0;40.0;28.0;319.0;327.0;228.0
9f98145e96893ae9854a432aa21612f1;136.0;37.0;349.0;101.0;219.0;104.0;1.0;28.0;216.0;191.0;23.0;36.0;0.0;214.0;203.0;21.0;18.0;30.0;211.0;136.0;50.0
ca7d56c03df2ed839e9f9036a89ee2cb;1315.0;674.0;2458.0;1213.0;634.0;888.0;6.0;115.0;315.0;564.0;69.0;44.0;1.0;478.0;134.0;71.0;4.0;2.0;240.0;94.0;57.0
4a17629b749433515b393413aea62aa6;381.0;67.0;394.0;350.0;176.0;187.0;0.0;105.0;276.0;219.0;25.0;27.0;3.0;162.0;89.0;43.0;24.0;37.0;130.0;94.0;23.0
5a4fd1642ca62ac427f0f3760068a12a;131.0;44.0;210.0;138.0;282.0;216.0;3.0;25.0;221.0;259.0;63.0;20.0;0.0;314.0;173.0;42.0;5.0;21.0;205.0;148.0;63.0
151f564d99e2f38389ca2754884b0bbf;160.0;249.0;538.0;409.0;919.0;1242.0;1.0;22.0;497.0;1357.0;495.0;28.0;0.0;1439.0;455.0;180.0;6.0;15.0;1107.0;471.0;363.0
3752d4c691aff9f08809141eab586346;28.0;0.0;102.0;116.0;35.0;156.0;3.0;0.0;154.0;66.0;78.0;0.0;0.0;81.0;38.0;27.0;0.0;0.0;104.0;29.0;13.0
51819c9667247b479a3d7e224f11e751;322.0;887.0;1806.0;514.0;179.0;714.0;0.0;119.0;103.0;155.0;41.0;11.0;3.0;58.0;33.0;4.0;11.0;4.0;17.0;5.0;1.0
a66bfcb5e3388c5d3bf1e19be286436f;1916.0;1176.0;5238.0;4603.0;4206.0;4998.0;19.0;872.0;4027.0;8431.0;1202.0;648.0;141.0;6549.0;4466.0;1615.0;722.0;1106.0;7431.0;4995.0;2153.0
45e4e9448c6ce7855fc5fb0c3f8d46fb;62.0;15.0;125.0;28.0;33.0;29.0;0.0;18.0;18.0;18.0;4.0;8.0;1.0;0.0;9.0;1.0;0.0;1.0;0.0;0.0;0.0
1f552cdd2f4399f05aa092d4e14e73f8;1419.0;20872.0;13115.0;2111.0;1628.0;15792.0;2.0;246.0;1254.0;2072.0;1064.0;27.0;0.0;1543.0;106.0;96.0;22.0;5.0;164.0;120.0;135.0
095daf74de8bf0ac4d14120e4f14db2f;27242.0;9531.0;57242.0;26670.0;19624.0;18741.0;489.0;9779.0;15303.0;16781.0;3588.0;3269.0;1303.0;9613.0;6856.0;2522.0;3085.0;1833.0;7097.0;3228.0;1097.0
0a3b7215d378f3f7174abd1382703b75;16310.0;29367.0;49950.0;31883.0;27530.0;66767.0;442.0;10305.0;34787.0;50162.0;9381.0;6652.0;1564.0;51673.0;22364.0;9293.0;4872.0;5061.0;36455.0;24172.0;17181.0
c8d071c2b1aacfe58f10a555a1c6bebf;1002.0;149.0;1091.0;989.0;598.0;430.0;2.0;217.0;417.0;623.0;75.0;125.0;31.0;290.0;249.0;101.0;75.0;89.0;241.0;118.0;19.0
a13476703d4ffa77c347772e52452ec3;348.0;997.0;1166.0;1732.0;588.0;3837.0;2.0;350.0;447.0;1914.0;1168.0;181.0;25.0;3403.0;417.0;259.0;55.0;26.0;917.0;480.0;890.0
c915eaf57b81e704562f2a3f8dbe58fb;1244.0;21929.0;10610.0;2129.0;2737.0;16938.0;24.0;462.0;840.0;6222.0;893.0;141.0;25.0;2103.0;752.0;512.0;54.0;120.0;779.0;377.0;87.0
49ceeff184e5e73b34ee94b0e1d66a01;0.0;0.0;3.0;0.0;8.0;1.0;0.0;1.0;9.0;12.0;0.0;5.0;0.0;15.0;10.0;1.0;3.0;3.0;27.0;11.0;7.0
5bc0bf79de14f395708ef40c372d4b95;2320.0;11760.0;10219.0;1706.0;1254.0;5563.0;7.0;236.0;340.0;553.0;235.0;42.0;2.0;343.0;89.0;28.0;17.0;16.0;110.0;54.0;18.0
1fcbb1a055c934653b5c1c406a0aff56;11879.0;3486.0;18872.0;12132.0;14004.0;10872.0;135.0;2736.0;9942.0;13048.0;2832.0;1711.0;110.0;9555.0;6556.0;1478.0;1190.0;1421.0;7758.0;4263.0;1478.0
7f1cca4b552e7b506a6192bc6e4f9e96;905.0;91.0;1547.0;1137.0;747.0;770.0;0.0;209.0;535.0;392.0;324.0;96.0;4.0;372.0;152.0;38.0;42.0;15.0;123.0;36.0;25.0
934b5dbcc273624f89d72d026a9ac31a;2142.0;1892.0;7742.0;3485.0;1051.0;2892.0;4.0;314.0;1082.0;1033.0;496.0;63.0;7.0;1123.0;424.0;96.0;55.0;46.0;735.0;426.0;245.0
3678c3aebb457cea6ae62e54f01be4ac;5153.0;7625.0;18181.0;4264.0;4049.0;7837.0;34.0;1976.0;1953.0;6053.0;714.0;521.0;163.0;2124.0;1554.0;1382.0;248.0;175.0;2042.0;838.0;230.0
2c46666294210e890b8a0bbeb0226c23;0.0;62.0;38.0;5.0;44.0;81.0;0.0;0.0;11.0;60.0;7.0;0.0;0.0;14.0;6.0;5.0;0.0;0.0;6.0;2.0;0.0
99edbe72dfada6b8fcde2dcb4652ffd3;102391.0;39773.0;177043.0;67759.0;60827.0;56508.0;938.0;13728.0;23200.0;28822.0;8916.0;4730.0;414.0;11219.0;7967.0;2420.0;1188.0;616.0;5046.0;1763.0;791.0
2d055c23684d3907ee0894fe2456eac5;378.0;4.0;227.0;395.0;118.0;32.0;2.0;8.0;61.0;42.0;16.0;4.0;0.0;139.0;27.0;2.0;0.0;0.0;12.0;5.0;463.0
94edecede0deb7ce62088abfdd9fe90c;8165.0;17156.0;30016.0;9253.0;5585.0;20459.0;51.0;1269.0;2618.0;5092.0;2100.0;278.0;71.0;2788.0;962.0;497.0;102.0;83.0;595.0;267.0;167.0
e2a53197f06d7c03462ed2cab10ab37e;2521.0;2907.0;10129.0;4184.0;2214.0;5720.0;21.0;578.0;2147.0;6694.0;983.0;270.0;91.0;5300.0;3373.0;3092.0;284.0;933.0;10524.0;12389.0;9834.0
f7595986c14781a54b2fe288f78bb445;457.0;40.0;646.0;1237.0;438.0;225.0;0.0;57.0;741.0;365.0;192.0;52.0;0.0;465.0;346.0;67.0;17.0;52.0;594.0;426.0;251.0
26cfa98474a80f3cbe5a7e28e80eba78;4991.0;164220.0;42431.0;4742.0;5570.0;72307.0;36.0;308.0;1349.0;7526.0;2382.0;78.0;13.0;4975.0;540.0;156.0;24.0;39.0;633.0;383.0;204.0
405019be99c13d2f272082d2fe183994;663.0;314.0;1678.0;917.0;592.0;508.0;1.0;67.0;446.0;306.0;127.0;22.0;0.0;240.0;121.0;32.0;5.0;8.0;128.0;25.0;23.0
f327667ad69aa8adf45a4922440937da;12068.0;16702.0;28271.0;11366.0;10655.0;23715.0;345.0;3347.0;5146.0;11329.0;3440.0;1502.0;109.0;4303.0;3060.0;1049.0;388.0;236.0;1852.0;593.0;220.0
817617cf7bfde3d5383613f8c0c01261;3723.0;6833.0;9388.0;2819.0;2124.0;6002.0;17.0;202.0;972.0;2501.0;361.0;80.0;2.0;1117.0;471.0;181.0;21.0;35.0;471.0;198.0;102.0
5f8d210bb5dda21f0c5e92465540d6be;1047.0;934.0;1991.0;2176.0;1231.0;2099.0;17.0;366.0;2061.0;1746.0;449.0;358.0;23.0;2779.0;1501.0;290.0;295.0;467.0;2779.0;2583.0;1818.0
c46dbfa49624fa9c48f2ddd41587f4ad;254913.0;73918.0;427777.0;210712.0;219161.0;185577.0;7204.0;80845.0;132387.0;182675.0;36598.0;43382.0;5416.0;69518.0;82887.0;23117.0;16858.0;12217.0;58341.0;21526.0;4473.0
93909d2738b68417999ba8c2e79f823d;3285.0;5141.0;11465.0;4358.0;3749.0;7409.0;60.0;735.0;1738.0;3559.0;839.0;341.0;18.0;1457.0;903.0;310.0;118.0;80.0;690.0;251.0;73.0
ca9abf49126bf151f087bde30a07887f;9993.0;6144.0;20938.0;7765.0;6332.0;8453.0;55.0;746.0;2094.0;3846.0;1083.0;239.0;2.0;1835.0;747.0;251.0;35.0;27.0;729.0;254.0;125.0
70b31a711c1668f5d387619704256420;330.0;15550.0;1512.0;380.0;282.0;11704.0;1.0;57.0;212.0;2818.0;637.0;16.0;2.0;713.0;373.0;252.0;3.0;14.0;220.0;56.0;7.0
9b61a6bf40ae81a4028cbd0a9873ede1;52976.0;66611.0;129901.0;75171.0;88813.0;141118.0;644.0;15228.0;56289.0;123162.0;21675.0;8572.0;846.0;75490.0;39409.0;15774.0;4316.0;5883.0;49793.0;25284.0;9855.0
94f08e02868562eca35d6ea73ba76700;430.0;324.0;1041.0;453.0;306.0;550.0;3.0;29.0;188.0;276.0;98.0;21.0;0.0;214.0;36.0;15.0;3.0;0.0;56.0;34.0;14.0
98882dac0b7ba8ae6221878c75d99fbf;2467890.0;456037.0;3278194.0;2866332.0;2955453.0;2023661.0;81186.0;761792.0;2370182.0;2988413.0;693361.0;584828.0;41500.0;2211107.0;1770088.0;455752.0;265652.0;281613.0;2075592.0;1114070.0;468561.0
9e52f060c6d5223dd3ca4d7d150a8eb6;75.0;7.0;55.0;82.0;88.0;42.0;4.0;44.0;92.0;92.0;19.0;48.0;2.0;32.0;84.0;8.0;28.0;31.0;53.0;14.0;1.0
7718f929ac7d0aa34f1fded107656142;636.0;42.0;478.0;374.0;262.0;170.0;4.0;44.0;135.0;138.0;57.0;19.0;0.0;96.0;76.0;15.0;3.0;9.0;66.0;27.0;5.0
c540116cbafea14e3043a248a551f790;52475.0;17376.0;91594.0;36734.0;45008.0;38271.0;1062.0;11003.0;21739.0;31620.0;6221.0;4752.0;376.0;13779.0;11374.0;3114.0;1551.0;1186.0;8639.0;3201.0;861.0
7751f594aabe8a57c21a8ce8cd32bdd1;909.0;2784.0;5089.0;1932.0;1513.0;4379.0;10.0;293.0;709.0;2288.0;691.0;64.0;10.0;733.0;454.0;304.0;25.0;31.0;417.0;97.0;19.0
ec27d95198d15a3eb7b9ea9bbff638fa;29007.0;5078.0;38401.0;8745.0;6320.0;4959.0;300.0;2774.0;1632.0;2222.0;410.0;461.0;69.0;884.0;391.0;145.0;100.0;40.0;371.0;110.0;44.0
5edbc64b5ca0f04def5dec4bcb3dc233;9706.0;29825.0;37411.0;15196.0;19413.0;46543.0;106.0;3649.0;13680.0;26097.0;5695.0;1873.0;106.0;16545.0;8531.0;3135.0;1003.0;1301.0;9846.0;5025.0;1891.0
a55c310b94617a4bb9d90948ebf34869;3516.0;23835.0;27076.0;6468.0;4759.0;19435.0;7.0;305.0;1491.0;4254.0;1501.0;44.0;1.0;1852.0;439.0;215.0;11.0;17.0;466.0;174.0;51.0
7a85e4c203546a85eb67e848cfd7c737;0.0;0.0;1.0;0.0;5.0;2.0;0.0;0.0;4.0;13.0;0.0;0.0;0.0;20.0;9.0;1.0;0.0;0.0;24.0;19.0;12.0
9bd9e132162f39da043484a7c281b006;13068.0;4166.0;19521.0;12677.0;11343.0;10394.0;371.0;2790.0;7337.0;8606.0;2384.0;1988.0;106.0;5331.0;4241.0;680.0;693.0;535.0;3438.0;1547.0;614.0
a8ae8e904352fedc3bdc41ddef0248a4;1655.0;7530.0;6949.0;1715.0;1733.0;5913.0;6.0;120.0;721.0;1445.0;398.0;30.0;1.0;463.0;234.0;59.0;18.0;22.0;150.0;60.0;8.0
2504653e296fa0f788d60ecef9a0b059;126547.0;350136.0;410890.0;138296.0;204899.0;415024.0;894.0;25272.0;98559.0;215822.0;43135.0;9932.0;737.0;91326.0;50081.0;31296.0;3415.0;3342.0;54457.0;16375.0;5342.0
44b047e14a062f9303112ae07d34a151;3680.0;24224.0;23514.0;5013.0;5452.0;18200.0;13.0;401.0;1261.0;5802.0;1064.0;103.0;12.0;2384.0;752.0;376.0;21.0;42.0;802.0;243.0;94.0
